triangle_key,Mon,Tue,Wed,Thu,Fri,Sat,Sun
BTC|USDT|VET,1835,2207,2103,1957,2105,1843,1832
BTC|SC|USDT,2142,1862,1927,2131,1851,1954,1997
BTC|FUN|USDT,1502,1865,2023,2165,2366,1600,1577
BTC|IOST|USDT,1834,1948,1728,1741,1986,1721,1739
BTC|COS|USDT,1544,1480,1236,1766,1367,1074,1392
BTC|CELR|USDT,1363,1246,1173,1246,1366,1393,1148
BTC|ONE|USDT,1028,948,1035,1154,1071,986,993
BTC|IOTX|USDT,976,964,932,1073,1019,1077,1046
BTC|ETH|HOT,989,1091,1216,1206,913,763,748
ANKR|BTC|USDT,855,921,1046,1114,1055,1010,896
BTC|DGB|USDT,944,958,879,846,955,955,936
BTC|MITH|USDT,701,719,744,773,748,730,844
BTC|ETH|SC,735,692,746,727,697,621,685
BTC|TCT|USDT,686,697,668,707,654,649,608
ARN|BTC|ETH,465,761,851,729,715,488,574
BTC|USDT|XVG,716,608,674,704,651,535,687
BTC|ETH|XVG,640,613,685,709,643,573,625
BTC|USDT|ZIL,605,645,552,619,608,584,581
BTC|GTO|USDT,592,582,570,511,599,644,542
DENT|ETH|USDT,566,575,556,566,548,549,541
BTC|ETH|VET,554,581,602,579,549,461,487
BTC|TRX|USDT,505,504,563,496,492,543,559
BTC|DOGE|USDT,493,565,469,367,435,744,499
BTC|TFUEL|USDT,479,538,539,540,531,448,448
BTC|HOT|USDT,479,458,612,771,418,393,380
BTC|ETH|FUN,418,557,577,567,575,403,374
BTC|BUSD|XVG,500,439,489,494,506,417,530
BTC|CHZ|USDT,407,470,425,469,393,447,407
BNB|BTC|COS,444,407,393,487,456,319,441
BTC|ETH|TRX,415,402,415,413,409,389,387
BTC|DREP|USDT,335,365,375,318,372,482,312
BTC|BTS|USDT,314,374,348,431,353,332,392
ARPA|BTC|USDT,341,356,355,358,361,377,377
BTC|DOCK|USDT,350,345,423,400,322,351,315
BNB|BTC|VET,338,443,374,388,352,260,326
BTC|RVN|USDT,349,304,406,339,315,319,348
BTC|ETH|IOTX,348,346,308,377,304,371,290
BNB|BTC|SC,343,298,339,336,331,318,314
BNB|BTC|ETH,262,292,331,564,393,188,225
BTC|MDT|USDT,335,327,278,308,290,320,308
BTC|BUSD|IOST,281,280,304,354,367,291,242
BTC|BUSD|TRX,296,294,359,288,279,272,324
BTC|ETH|QSP,313,349,279,334,262,268,307
BTC|BUSD|VET,318,297,298,291,342,267,271
BTC|MATIC|USDT,268,340,272,269,268,295,268
BTC|ETH|MCO,268,283,212,231,306,307,292
BTC|CDT|ETH,265,272,268,268,248,241,264
BNB|BTC|CELR,292,282,225,237,277,261,227
BTC|JST|USDT,241,258,264,234,205,231,359
BTC|ETH|IOST,274,252,229,270,299,179,244
BNB|BTC|TRX,241,221,251,226,231,220,237
BNB|BTC|ONE,264,220,226,253,241,212,189
BTC|BUSD|DGB,232,248,203,218,260,203,213
BTC|ETH|QKC,228,255,206,240,241,199,174
BTC|ETH|WTC,221,207,211,176,200,178,333
BTC|ETH|NULS,226,249,205,212,229,161,241
ETH|NPXS|USDT,200,155,178,250,239,235,252
BTC|FTM|USDT,201,216,201,238,204,180,191
BTC|PERL|USDT,192,193,229,199,193,211,188
BNB|BTC|MITH,177,187,195,233,188,203,213
BTC|ETH|OST,185,201,193,187,187,192,155
BTC|ETH|ZIL,200,180,198,166,189,144,158
BTC|USDT|VITE,166,132,166,204,196,169,193
BTC|BUSD|ONE,177,179,172,175,208,159,127
BTC|ETH|WABI,148,258,202,172,105,142,154
BTC|ETH|STORM,164,178,180,178,134,129,173
ANKR|BNB|BTC,126,145,165,214,184,172,129
BTC|ETH|VIB,173,131,169,125,167,166,197
BTC|STPT|USDT,167,136,165,159,148,144,200
BTC|ETH|MDA,143,151,143,179,151,139,171
BNB|USDT|VET,119,178,167,189,147,139,129
BQX|BTC|ETH,167,151,154,150,155,130,159
BTC|ETH|LINK,155,152,133,150,151,146,150
BNB|BTC|HOT,132,137,194,201,121,125,126
BTC|ETH|SNT,115,136,152,152,137,138,145
BNB|BUSD|WIN,142,185,139,122,110,125,141
BTC|ETH|QTUM,123,163,146,143,131,117,131
ETH|HOT|USDT,98,149,154,133,147,136,111
BTC|ETH|NCASH,130,143,149,106,130,127,134
BTC|ENG|ETH,126,116,130,115,158,108,131
AION|BTC|ETH,124,124,113,92,155,120,117
BTC|ETH|KNC,91,139,109,126,100,107,160
BTC|ETH|POWR,109,117,135,116,100,100,135
BTC|TRX|TRY,118,120,142,100,109,83,124
BTC|BTG|ETH,94,87,108,88,108,124,160
BTC|ETH|LRC,138,88,103,103,131,92,113
BTC|ETH|TNB,113,102,102,116,105,108,107
BTC|ETH|USDT,139,162,72,99,117,72,74
BTC|ETH|GVT,104,110,92,114,99,105,97
BNB|BTC|ICX,99,101,121,119,107,84,80
BNB|BTC|ZIL,107,88,99,107,109,100,93
BTC|ETH|RDN,82,85,103,136,103,74,110
BTC|ETH|QLC,88,100,92,92,77,91,124
BTC|IRIS|USDT,88,90,92,88,111,89,97
BTC|ETH|LSK,90,117,89,95,87,104,70
BTC|BUSD|IOTX,120,102,69,59,72,101,106
BCPT|BTC|ETH,77,119,93,87,72,106,72
BNB|ETH|ICX,95,90,100,96,94,70,66
BTC|ETH|NEO,98,62,81,67,79,86,132
BNB|BTC|WABI,105,98,100,78,90,69,64
BTC|ETH|TNT,94,106,78,87,80,93,64
BTC|ETH|OMG,131,79,77,67,71,59,109
BNB|TRX|WIN,77,101,85,74,72,79,96
BTC|BUSD|IDEX,77,82,88,77,87,90,74
AMB|BTC|ETH,83,66,95,85,77,87,80
BTC|BUSD|CELR,80,77,80,95,78,80,78
BTC|ETH|IOTA,66,76,71,73,63,84,134
BTC|ETH|LEND,79,95,90,81,68,70,83
BTC|ETH|XMR,46,85,131,97,62,77,66
BNB|BTC|IOST,79,108,82,92,79,58,65
ARK|BTC|ETH,91,73,94,71,81,72,78
AION|ETH|USDT,84,84,81,70,88,69,83
BTC|ETH|POE,97,105,70,79,57,60,84
AION|BNB|BTC,70,74,81,88,68,89,80
BTC|DATA|USDT,67,75,66,101,75,73,83
BTC|DLT|ETH,76,65,64,62,64,82,121
BNB|BTC|WTC,68,86,80,72,88,53,85
BTC|ETH|PPT,85,80,83,73,86,51,71
BTC|BTS|ETH,66,90,78,91,84,71,47
BTC|ETH|REQ,62,58,89,69,84,49,115
BTC|BUSD|ZIL,70,81,64,77,63,72,89
BEAM|BTC|USDT,75,64,82,71,77,80,66
BTC|ETH|STRAT,70,76,63,76,71,76,82
BTC|ETH|NAS,75,81,77,74,67,69,64
BTC|BUSD|DOGE,81,84,62,70,72,76,60
BTC|ETH|ZRX,78,59,87,79,73,55,71
BTC|DNT|ETH,90,63,70,74,68,73,63
BTC|TRX|USDC,64,80,80,78,72,63,58
BTC|ETH|NEBL,69,52,63,55,99,73,81
BTC|ETH|EVX,58,64,54,81,70,63,87
BTC|TRX|XRP,69,71,70,68,82,50,67
BNB|USDC|WIN,82,80,94,45,61,57,54
BTC|ETH|STORJ,52,58,73,57,48,46,118
BCC|BTC|USDT,54,58,48,69,85,83,53
ADX|BTC|ETH,70,64,97,64,49,49,52
BAT|BTC|ETH,75,64,81,61,42,67,52
BTC|ETH|GTO,64,54,68,65,47,75,67
BTC|ETH|KMD,48,46,80,87,58,66,51
BNB|BTC|IOTA,51,68,94,57,57,58,48
BTC|BUSD|SYS,60,65,67,54,68,68,50
BTC|ENJ|ETH,58,53,55,72,69,58,63
BTC|CHR|USDT,55,59,72,44,49,74,63
BNB|COS|USDT,43,63,75,69,63,65,36
BLZ|BTC|ETH,40,47,53,56,67,81,62
BUSD|USDT|WING,65,68,68,46,40,52,65
BTC|CMT|ETH,59,46,60,73,54,55,55
BTC|ETH|XZC,60,65,58,57,46,57,55
BNB|BTC|XLM,47,40,56,68,78,67,39
BNB|EUR|WIN,55,80,67,54,41,48,48
BTC|ETH|MTL,59,57,55,80,50,50,42
BTC|DATA|ETH,41,61,45,86,64,51,44
ETH|NULS|USDT,57,88,58,48,73,32,34
BNB|ETH|VET,50,73,72,57,57,35,46
BNB|BRL|WIN,61,59,62,57,68,42,37
BNB|BTC|CHZ,54,56,57,64,63,44,45
AST|BTC|ETH,36,54,49,72,48,68,49
BNB|BTC|WAVES,56,61,66,66,48,37,42
BUSD|DEGO|USDT,50,33,59,64,38,59,69
BUSD|TRB|USDT,58,52,45,62,49,55,46
BTC|BUSD|RVN,55,34,67,39,68,57,47
BUSD|HARD|USDT,71,44,48,49,41,50,62
BTC|USDT|WTC,45,46,64,44,48,65,51
BCD|BTC|ETH,41,45,74,56,39,60,41
BRD|BTC|ETH,45,57,57,59,58,33,41
BTC|ETH|OAX,61,48,46,42,36,54,61
BTC|CHZ|TRY,44,42,57,53,41,67,38
BTC|ETH|LOOM,49,46,45,48,49,40,53
BTC|ELF|ETH,38,40,46,57,55,43,47
BTC|ETH|MANA,30,50,41,65,46,41,49
BTC|ETH|ZEC,36,38,59,60,40,38,50
BTC|BUSD|JST,45,42,50,38,40,50,49
BNB|ETH|IOTA,38,36,60,56,37,48,36
BTC|DASH|ETH,35,19,63,46,47,44,52
BTC|EOS|ETH,30,25,54,43,31,37,76
BNB|ETH|XLM,37,25,40,42,51,59,35
AION|BNB|ETH,26,50,37,42,33,44,52
BNB|BTC|LTC,36,36,58,31,50,55,17
BTC|ETH|XLM,32,49,55,46,30,42,25
BTC|ETC|ETH,42,34,24,26,30,34,68
BTC|ETH|WAVES,36,48,34,47,30,27,35
BTC|DGD|ETH,37,50,42,41,27,31,28
BTC|EUR|VET,49,31,41,33,33,22,46
BUSD|DATA|USDT,50,37,30,31,31,33,41
ARPA|BNB|BTC,30,33,34,35,40,46,34
BNB|BTC|MATIC,42,35,43,35,29,36,30
BNB|ETH|WTC,28,47,38,33,36,24,39
BNB|ETH|WABI,36,51,39,30,34,22,33
LINK|TUSD|USDT,24,24,34,38,54,38,32
BTC|BUSD|DATA,30,36,34,30,42,44,26
BTC|ETH|GXS,36,38,35,43,33,23,32
ARPA|BTC|TRY,25,30,30,38,32,38,45
BTC|BUSD|VIDT,18,35,46,37,39,30,31
BTC|ETH|PIVX,21,38,47,28,41,32,28
BNT|BTC|ETH,22,24,37,27,39,31,55
BTC|NKN|USDT,28,26,22,50,30,41,36
BNB|OGN|USDT,28,29,34,50,29,34,24
BAT|BNB|BTC,32,35,32,36,39,23,27
BTCST|BUSD|USDT,12,32,113,14,16,21,14
BUSD|PSG|USDT,34,34,30,32,36,33,22
BNB|BTC|EOS,29,21,22,34,22,73,17
BNB|COCOS|USDT,26,18,30,44,38,29,31
BTC|RVN|TRY,27,27,42,46,25,23,25
BNB|BTC|WAN,25,35,29,30,38,36,20
BTT|USDC|USDT,34,24,35,24,39,32,24
BNB|BTC|RVN,27,31,33,32,33,24,30
BNB|BTC|USDT,38,15,47,27,31,14,29
BNB|LTC|USDT,22,21,26,29,42,47,12
BUSD|UNFI|USDT,25,35,28,22,26,24,37
BNB|BTC|FTM,22,31,21,34,39,22,25
BLZ|BNB|BTC,13,34,37,24,37,28,18
BNB|ETH|USDT,29,25,43,30,28,16,16
BTC|ETH|STEEM,26,29,26,18,36,27,24
BNB|EOS|ETH,22,16,22,28,21,60,13
BTC|BUSD|TRB,27,22,21,35,26,27,23
BTC|BUSD|WING,21,29,36,25,13,24,33
BTC|HBAR|USDT,31,36,30,23,19,20,20
BTC|LINK|TUSD,21,21,24,31,39,21,20
BNB|EOS|USDT,25,20,14,17,21,61,18
BNB|ETH|LTC,14,21,38,16,31,46,9
BNB|BTC|PERL,37,26,27,22,18,24,21
ETH|HOT|TRY,19,55,21,19,22,17,22
BNB|ETH|HOT,20,22,21,36,23,31,17
BNB|BTC|ONT,25,22,24,27,35,16,20
BTT|TUSD|USDT,19,30,33,15,27,20,25
BTC|TRY|VET,31,23,31,26,28,7,17
LINK|USDC|USDT,10,17,24,36,36,18,21
BNB|BTC|NEO,25,29,23,13,11,30,31
BUSD|ETH|SLP,18,19,19,16,38,19,32
BUSD|STRAX|USDT,30,20,29,24,21,15,21
BNB|BUSD|EOS,19,20,16,20,18,51,14
BNB|BTC|ENJ,25,24,22,21,27,26,13
AVA|BUSD|USDT,28,23,22,16,24,24,17
BTC|DOGE|EUR,9,16,17,27,32,29,23
ANKR|BNB|USDT,13,28,23,19,29,19,20
BTC|ETH|RLC,29,21,26,18,15,15,21
BNB|ETH|NEO,23,16,18,20,11,24,28
ETH|NEO|USDT,22,23,31,24,10,14,14
BTC|DUSK|USDT,20,22,20,22,16,17,20
AION|BTC|USDT,22,16,17,22,16,22,22
BAT|BNB|ETH,16,29,27,9,15,18,22
USDC|USDT|ZEC,10,24,22,20,24,19,16
BEL|BUSD|USDT,15,21,22,20,17,20,19
BTC|LINK|USDC,11,18,20,30,28,13,14
BLZ|BNB|ETH,10,26,31,17,24,15,11
BNB|BUSD|CAKE,23,31,17,24,12,17,9
BNB|ETH|WAVES,25,18,22,26,17,10,14
BNB|BTC|OGN,10,20,12,27,23,18,21
BTC|ETH|GNT,10,13,18,18,32,18,21
BTC|BUSD|HARD,22,15,16,17,12,27,21
BNB|TROY|USDT,16,16,17,28,16,13,24
BTC|DNT|USDT,16,30,22,25,9,16,11
BTC|ETH|XRP,11,11,20,21,8,10,47
AUDIO|BUSD|USDT,13,21,20,8,36,15,15
BTC|SAND|USDT,17,13,13,21,28,17,17
BNB|NEO|USDT,16,18,14,10,22,21,25
BTC|NEO|USDT,15,27,34,19,12,7,9
BTC|ROSE|USDT,10,15,21,21,11,22,22
BTC|NULS|USDT,16,21,16,21,23,14,11
ADA|BTC|ETH,6,15,12,33,34,7,15
ADA|TUSD|USDT,23,15,18,17,24,9,14
DAI|ETH|USDT,0,72,47,0,0,0,0
BTC|ETH|THETA,11,14,27,32,10,10,15
BNB|ETH|WAN,7,22,11,19,25,19,15
BTC|NGN|USDT,15,18,17,20,38,7,3
BNB|BTC|THETA,11,20,21,19,21,11,15
ETH|THETA|USDT,18,14,23,33,9,9,9
BUSD|CTSI|USDT,18,15,17,9,13,20,23
BNB|MITH|USDT,20,13,15,17,15,18,16
BTC|CVC|ETH,17,24,19,16,11,15,7
BTC|BUSD|MATIC,23,23,13,9,8,22,10
BTC|DOGE|TRY,4,10,11,20,24,24,15
BNB|BUSD|XRP,15,6,14,13,20,12,27
BTC|ETH|ZEN,17,14,17,15,10,14,18
BTC|ETH|REP,18,11,13,23,12,14,14
BUSD|CELR|USDT,14,21,15,15,13,15,11
BNB|BTC|XRP,12,8,12,14,19,12,26
BNB|ETH|ONT,13,14,14,15,23,12,10
AE|BTC|ETH,12,23,15,13,16,13,8
ATOM|USDC|USDT,14,18,20,9,14,10,15
BTC|BUSD|RUNE,18,15,14,14,16,2,20
BTC|BUSD|UNFI,11,18,10,16,15,8,21
BTC|CTSI|USDT,5,22,12,18,11,12,18
BNB|CELR|USDT,10,14,15,12,18,11,16
BTC|DAI|USDT,0,64,30,1,1,0,0
BNB|BTC|ZEN,11,8,19,14,16,18,10
BNB|ETH|ZIL,16,12,20,11,18,12,5
BTC|BUSD|FXS,9,15,20,16,11,9,14
BUSD|DODO|USDT,16,11,18,18,7,7,17
DATA|ETH|USDT,10,11,21,19,14,9,8
AVA|BTC|BUSD,21,12,16,9,9,12,13
BNB|USDT|XRP,10,5,6,15,22,11,22
BTC|BUSD|PSG,12,17,6,14,16,14,10
ARDR|BTC|USDT,9,11,8,16,17,12,15
BNB|ETH|SC,17,14,10,9,15,10,11
BNB|ETH|MFT,15,8,16,10,9,16,11
BTC|BUSD|CTSI,5,15,14,12,10,14,12
ATOM|BTC|USDC,11,17,12,7,11,14,10
BTC|EUR|TRX,12,14,13,10,17,8,8
BUSD|SLP|USDT,14,11,10,20,10,7,8
BTC|USDC|ZEC,6,10,13,17,11,10,13
BTC|ETH|ICX,4,23,22,14,10,1,5
ETH|FUN|USDT,10,10,7,13,12,14,13
BTC|BUSD|ROSE,12,5,14,8,12,17,11
ALPHA|BUSD|USDT,21,18,15,6,7,2,9
BTC|USDT|WING,8,7,10,13,8,14,17
BNB|EUR|XRP,12,6,8,12,15,8,16
BUSD|DIA|USDT,12,10,13,10,13,10,8
ADA|BTC|TUSD,13,10,11,15,16,4,6
BNB|BTC|RUNE,12,15,13,6,9,8,12
BTC|KMD|USDT,8,13,15,9,10,11,8
BUSD|USDT|YFII,5,9,12,11,15,11,11
BTC|REP|USDT,4,7,5,15,21,13,8
BTC|COTI|USDT,8,11,7,19,12,8,8
ETH|LINK|TUSD,8,8,10,9,19,9,10
BTC|TRX|TUSD,3,16,8,13,12,13,8
BNB|ICX|USDT,5,10,14,15,11,9,9
PAX|USDT|XRP,9,14,11,12,8,11,8
BTC|PAX|TRX,12,13,7,10,18,5,7
BNB|PERL|USDT,6,11,11,15,12,9,8
BUSD|FIO|USDT,11,5,13,15,10,10,7
BUSD|CKB|USDT,10,12,18,8,11,6,6
BTC|ETH|WAN,11,4,13,12,8,14,8
CVC|ETH|USDT,10,4,12,9,11,11,11
BNB|ENJ|ETH,14,12,12,10,9,7,2
BLZ|ETH|USDT,8,8,3,4,36,5,2
ETH|MTL|USDT,10,7,11,6,16,4,11
BTC|ETH|XEM,8,8,8,12,7,13,8
ETH|MFT|USDT,8,11,5,7,13,9,10
BNB|BTC|CTSI,6,11,8,7,12,8,11
BNB|USDT|WRX,7,10,4,9,11,9,13
BTC|MTL|USDT,10,4,8,13,8,12,7
BTC|BUSD|YFII,3,10,11,8,11,7,12
BTC|USDT|XEM,7,3,6,12,23,7,3
BTC|LSK|USDT,5,6,17,11,9,10,3
BUSD|USDT|WRX,7,14,11,7,5,12,5
BUSD|ETH|HOT,3,12,14,6,6,9,9
BNB|BTC|WRX,8,6,13,5,5,11,11
ETH|LINK|USDC,4,7,7,16,12,3,8
BUSD|TKO|USDT,6,9,8,7,6,9,12
BNB|ETH|XRP,6,4,10,8,11,5,13
BAND|BTC|USDT,9,7,12,14,7,4,4
EOS|TUSD|USDT,7,6,7,10,11,7,8
BTC|DCR|USDT,4,3,10,9,11,10,9
BEL|BTC|BUSD,7,12,13,4,4,7,8
BTC|RLC|USDT,19,4,3,12,4,4,9
BTC|ONG|USDT,2,5,10,13,8,9,8
BNB|BTC|CHR,8,6,8,6,9,11,7
BNB|TRY|XRP,5,2,8,16,10,7,7
BTT|BUSD|USDC,11,4,10,11,11,5,3
BTC|CVC|USDT,11,7,12,11,5,3,6
ENJ|ETH|USDT,7,5,4,17,6,8,7
BTC|USDT|WAN,13,5,5,9,5,6,11
BTC|FLM|USDT,9,1,9,6,4,7,17
BUSD|INJ|USDT,5,9,8,7,13,4,7
BTC|LTO|USDT,7,4,5,11,13,5,8
BNB|FET|USDT,3,10,9,10,6,8,5
BNB|GBP|XRP,5,5,9,7,6,3,16
USDC|USDT|WIN,11,9,6,8,2,9,6
BNB|CHZ|USDT,4,11,7,7,10,8,4
BTC|PNT|USDT,10,7,7,6,7,4,10
BNB|THETA|USDT,7,8,4,6,13,8,5
BNB|BTC|HBAR,7,6,7,8,4,10,9
BTC|NANO|USDT,4,7,10,4,16,4,6
TUSD|USDT|XRP,3,8,10,9,10,2,9
ETH|LTC|USDT,13,8,8,9,6,2,4
ADA|ETH|TUSD,19,4,6,5,12,1,2
BNB|ENJ|USDT,8,9,6,10,5,5,6
BUSD|SUPER|USDT,8,8,5,8,11,5,4
BNB|TUSD|USDT,10,5,13,7,6,2,6
BTC|TOMO|USDT,10,5,7,5,9,6,7
ALPHA|BTC|BUSD,13,11,8,5,2,2,8
ETH|KEY|USDT,8,8,7,6,8,5,6
BNB|BUSD|RUNE,9,6,5,5,7,8,8
BTC|FET|USDT,6,11,7,9,8,3,3
BTC|USDT|YFII,12,5,6,8,2,5,9
BTC|BUSD|DIA,5,4,4,11,12,6,5
BTC|PAX|XRP,3,10,5,10,8,7,4
BNB|BTC|FET,4,13,7,8,4,6,5
BTC|ENJ|USDT,8,7,8,6,5,8,4
BNB|HOT|USDT,5,9,5,13,2,6,6
BTC|BUSD|FIO,11,7,10,3,6,6,3
BUSD|DATA|ETH,8,4,9,4,6,6,9
BNB|CTSI|USDT,5,6,7,5,5,11,7
BUSD|USDT|XVS,6,8,7,11,4,4,5
BUSD|LRC|USDT,9,9,8,8,4,3,4
BTC|FIO|USDT,4,5,11,6,5,7,7
ETH|IOTX|USDT,6,6,8,9,5,7,4
BTC|CTXC|USDT,6,7,8,6,8,6,4
ETH|LSK|USDT,4,6,5,5,7,6,12
BNB|SAND|USDT,5,8,6,9,2,6,9
BTC|BUSD|KSM,6,9,8,10,3,4,5
BTC|BUSD|STRAX,9,5,8,10,2,3,7
BNB|BTT|USDC,7,4,9,2,9,6,7
BTC|BTG|USDT,5,5,6,8,3,10,7
BUSD|USDT|XVG,2,5,5,5,13,7,6
BNB|ONT|USDT,11,3,4,5,9,7,4
BNB|MBL|USDT,9,3,5,11,3,2,9
LTC|TUSD|USDT,2,8,10,5,9,5,3
BTC|ORN|USDT,7,3,7,9,5,5,6
BUSD|DGB|USDT,5,10,5,3,5,5,9
BUSD|KSM|USDT,6,12,3,6,8,3,4
BNB|BTC|FIL,4,7,3,5,8,4,10
BTC|ONT|USDT,4,4,6,7,11,5,4
BTC|GXS|USDT,6,6,6,10,3,4,6
BTC|STX|USDT,4,2,3,7,8,8,8
BTC|DOGE|GBP,3,3,5,12,8,6,3
BTC|PSG|USDT,6,8,4,6,10,4,2
ADA|USDC|USDT,3,4,6,5,14,2,6
ETH|LRC|USDT,9,3,7,5,5,5,6
BTC|USDT|WRX,4,7,11,2,5,9,1
BNB|CTK|USDT,3,7,3,6,3,8,9
AXS|BNB|USDT,2,3,5,12,4,6,7
AUDIO|BTC|BUSD,5,2,5,4,11,9,3
BUSD|USDT|YFI,4,6,7,5,3,4,10
BUSD|POND|USDT,3,4,9,5,8,5,5
BNB|BTC|COTI,7,4,5,7,4,5,7
BUSD|CTK|USDT,1,4,7,20,3,3,1
BTC|EOS|TUSD,5,4,4,11,8,3,4
BNB|ETH|THETA,4,5,6,7,4,9,4
BNB|BTC|ETC,1,10,9,3,6,6,4
BNB|COTI|USDT,7,5,6,5,1,5,9
BTC|BTCST|BUSD,9,4,11,4,5,3,2
AUDIO|BTC|USDT,5,6,9,7,4,3,4
BNB|MATIC|USDT,7,5,7,4,5,6,3
BNB|EOS|EUR,6,7,6,4,3,7,4
BUSD|USDC|ZEC,6,5,3,8,5,3,6
BTC|THETA|USDT,5,8,7,6,2,4,4
BTC|BUSD|NMR,21,4,1,4,3,2,1
BTC|EUR|LUNA,0,0,0,8,26,0,1
ETH|REP|USDT,3,5,2,2,9,12,2
BNB|MFT|USDT,2,5,7,6,6,6,3
BNB|BTC|TUSD,6,4,9,9,4,0,3
BNT|BTC|USDT,4,3,7,5,6,4,6
BNB|FIL|USDT,1,3,4,5,6,6,10
ATOM|BUSD|USDC,2,8,7,2,4,3,8
BNB|TRX|XRP,3,5,4,7,8,1,6
BTC|REN|USDT,3,3,4,6,5,7,6
BTC|TUSD|XRP,1,6,7,5,9,1,5
BNB|USDT|WTC,7,6,5,5,2,3,6
BAL|BTC|BUSD,0,3,0,2,8,14,6
BNB|BTC|LUNA,0,0,1,4,28,0,0
ETH|STMX|USDT,6,5,2,7,5,2,6
BTC|BUSD|HBAR,5,9,5,4,3,3,4
BLZ|BNB|USDT,3,5,2,6,14,1,2
BNB|HBAR|USDT,3,8,9,2,4,2,5
BUSD|NMR|USDT,5,4,5,9,6,2,2
BNB|BUSD|FIL,1,7,3,7,7,1,6
BTC|LUNA|USDT,1,0,0,4,27,0,0
BTC|ETH|NANO,4,5,5,6,2,4,6
BTC|ETH|LTC,8,8,11,2,1,2,0
BEL|BNB|BUSD,3,7,9,5,2,1,5
ADA|BNB|USDT,6,9,2,3,5,4,3
ETH|PAX|XRP,6,4,5,5,4,6,2
BTC|BUSD|INJ,2,9,6,3,6,3,3
BNB|BTC|SAND,3,5,4,6,3,5,6
BUSD|OMG|USDT,2,8,9,2,6,3,2
BNB|FTT|USDT,4,3,5,5,7,4,3
ETH|KMD|USDT,6,8,3,1,3,7,3
AR|BUSD|USDT,3,5,7,2,1,7,6
ETH|IOTA|USDT,6,2,5,4,5,3,6
BNB|USDT|ZIL,4,4,9,3,2,4,4
BUSD|LIT|USDT,4,2,1,6,6,9,2
BNT|ETH|USDT,7,1,5,2,10,3,2
BTC|BUSD|OCEAN,7,4,9,4,1,4,1
ETH|USDT|WAN,3,4,3,7,3,5,5
ETH|MANA|USDT,2,3,3,3,4,7,8
BNB|ETH|ZEN,4,5,10,5,1,2,2
BNB|BTC|DASH,2,5,3,5,6,2,6
TRX|USDC|WIN,5,3,6,6,5,4,0
ADA|BTC|USDC,4,3,4,4,8,2,3
AXS|BNB|BTC,3,2,8,8,3,2,2
LAZIO|TRY|USDT,3,1,7,5,7,5,0
BNB|ETC|USDT,2,6,5,4,4,3,4
BUSD|TWT|USDT,2,4,2,3,6,8,2
BNB|USDT|WAVES,3,7,4,5,3,2,3
BUSD|USDC|WIN,2,3,7,12,1,2,0
BTC|STRAX|USDT,3,4,3,3,6,6,2
BNB|DAI|USDT,0,23,4,0,0,0,0
BTC|LTC|USDT,3,3,7,5,3,2,4
BAND|BUSD|USDT,3,6,5,9,3,1,0
EUR|SXP|USDT,2,5,7,4,6,2,1
PAX|TRX|USDT,4,4,6,3,7,2,1
BUSD|LINA|USDT,3,4,4,3,6,2,4
BTC|OMG|USDT,1,2,6,5,3,6,3
BNB|FTM|USDT,1,3,3,3,6,4,6
BTC|BUSD|YFI,2,2,6,1,2,5,8
BTT|TRX|USDC,2,2,4,3,7,6,1
BNB|BTT|TUSD,3,6,5,2,4,1,4
BTC|BUSD|SAND,3,3,1,2,5,6,5
BTC|LTC|TUSD,4,5,4,1,7,2,2
ADA|BNB|TUSD,3,3,2,13,1,2,1
TRX|TUSD|USDT,3,5,6,3,3,3,2
BUSD|JST|USDT,1,4,8,5,5,2,0
BUSD|SAND|USDT,2,2,1,7,5,5,2
BNB|PAX|USDT,2,1,5,5,9,1,1
BNB|ONE|USDT,4,2,2,5,1,3,7
BNB|EOS|USDC,1,4,3,3,8,3,2
BNB|BUSD|WRX,4,2,3,4,2,5,4
BNB|ETH|TUSD,4,4,5,4,4,0,3
TRX|USDT|WIN,3,0,6,5,2,3,4
BTC|EUR|SXP,0,2,4,4,7,6,0
BTC|HIVE|USDT,1,8,1,4,4,3,2
ETH|NANO|USDT,1,1,10,1,5,3,2
ADA|BNB|BTC,5,6,3,1,3,1,4
BTC|ETH|ONT,2,3,3,1,4,8,2
BNB|IOTA|USDT,0,4,6,1,3,6,3
BUSD|OCEAN|USDT,3,3,5,5,2,4,1
BNB|RUNE|USDT,5,2,4,3,3,2,3
AXS|BNB|BUSD,3,1,1,5,5,4,3
BNB|EOS|TUSD,1,3,2,10,5,1,0
ETH|LINK|USDT,5,3,3,5,3,2,1
ETH|RLC|USDT,3,1,1,6,3,4,4
ETH|TUSD|XRP,1,3,3,2,7,0,6
BTC|BUSD|SOL,3,3,1,7,4,3,1
BNB|USDT|WIN,7,2,3,3,3,0,4
BNB|USDT|XVS,5,5,1,5,3,0,2
AR|BTC|USDT,4,2,3,1,3,3,5
ETH|USDC|ZEC,1,0,3,7,5,4,1
BNB|BTC|XTZ,2,4,5,3,3,3,1
BTC|EUR|YFI,0,2,10,8,1,0,0
BNB|BTC|ZEC,5,2,5,1,3,2,3
BNB|BTC|FTT,2,2,6,4,3,3,1
BAT|ETH|USDT,2,1,9,2,1,3,3
BUSD|EUR|GRT,2,5,8,4,1,1,0
ETH|GTO|USDT,5,4,4,0,2,1,5
TRX|USDT|XRP,12,0,1,0,6,1,1
AVA|BTC|USDT,5,3,3,0,3,5,2
BNB|BUSD|CTK,3,2,7,1,2,3,3
BTC|BTCST|USDT,2,2,5,3,3,2,4
BTC|EOS|USDC,0,1,2,1,8,5,3
BNB|TRY|USDT,0,2,0,10,6,0,2
EOS|USDC|USDT,1,0,1,1,8,4,5
BTC|RUB|XRP,4,1,2,6,3,1,3
ADA|ETH|USDC,0,4,2,6,6,0,2
EOS|ETH|TUSD,2,3,1,7,4,1,2
ETH|SLP|USDT,5,4,1,3,2,4,1
BUSD|TRX|XRP,14,1,0,1,3,0,1
BNB|BTC|CTK,3,2,2,3,4,5,1
BAND|BTC|BUSD,0,3,4,9,3,1,0
BTC|CTK|USDT,0,2,4,2,5,1,5
BTC|ETH|TRY,2,2,0,5,6,3,1
BNB|BTC|PAX,1,2,4,4,5,2,1
BTC|BUSD|WRX,1,2,1,1,5,9,0
EUR|USDT|YFI,0,1,10,8,0,0,0
BAT|BNB|USDT,3,2,6,1,1,5,1
BEL|BNB|BTC,3,0,2,6,3,1,4
BUSD|NANO|USDT,2,1,5,4,6,0,1
BTC|SKL|USDT,2,2,3,4,3,2,3
BEL|BNB|USDT,3,0,4,4,3,1,4
ETH|USDT|ZRX,2,2,3,1,8,1,2
BTC|USDT|YFI,2,7,3,1,2,3,1
BTC|BUSD|CTK,0,4,6,3,2,0,4
BLZ|BTC|USDT,1,5,3,1,2,2,4
BAKE|BUSD|USDT,0,5,6,2,4,1,0
BTC|DAI|ETH,0,5,13,0,0,0,0
BNT|BUSD|USDT,1,5,4,3,3,2,0
BUSD|EUR|YFI,0,0,9,5,3,1,0
BUSD|ETH|LRC,7,1,2,0,6,1,1
BTC|UNFI|USDT,5,1,5,3,1,1,2
BUSD|RUNE|USDT,3,0,1,1,4,5,4
BNB|EOS|TRY,3,0,4,2,1,8,0
BNB|USDT|XTZ,1,4,6,3,1,2,1
ETH|PAX|TRX,1,3,4,6,4,0,0
BNB|KAVA|USDT,1,4,6,2,2,2,1
BNB|BUSD|HBAR,4,4,2,3,2,1,2
ETH|GXS|USDT,3,3,3,4,2,2,1
BTC|BUSD|LRC,3,3,4,3,2,1,2
ETH|USDT|XVG,1,3,4,2,1,2,5
BNB|USDC|XRP,2,2,0,6,5,0,3
BUSD|SKL|USDT,1,2,6,3,3,2,0
BNB|CHR|USDT,4,3,2,1,2,2,3
BNB|BTC|XVS,2,2,5,3,3,1,1
ETH|TRY|USDT,2,1,0,5,5,2,2
BTC|BUSD|LIT,2,0,6,4,2,2,1
BUSD|ETH|XVG,4,2,2,2,5,2,0
BTC|USDT|UTK,0,0,5,2,5,3,2
BUSD|ETH|NANO,2,2,4,3,3,2,1
BNB|TUSD|XRP,1,1,1,6,5,1,2
AXS|BTC|USDT,2,2,1,3,0,5,4
TRX|USDC|USDT,4,4,0,6,2,0,1
RUB|USDT|XRP,4,2,4,2,4,1,0
ETH|LTC|TUSD,0,4,3,3,4,2,1
BUSD|DAI|ETH,0,1,16,0,0,0,0
ETH|QTUM|USDT,2,5,2,1,2,1,3
BNB|BUSD|SOL,3,0,2,2,7,1,1
BTC|LINK|USDT,2,2,4,3,1,2,2
BTC|NMR|USDT,1,0,3,4,4,1,3
BNB|BUSD|CTSI,5,1,3,1,0,4,2
BNB|BTC|DAI,0,12,4,0,0,0,0
BNB|USDT|ZEN,4,2,1,4,1,3,1
BNB|BTC|KAVA,1,3,5,4,0,2,1
ATOM|BNB|USDC,2,4,2,2,4,1,1
ADA|BNB|ETH,3,3,1,2,4,2,1
BTC|COMP|USDT,1,2,2,3,3,4,1
BRL|BTC|DOGE,0,1,2,3,3,4,2
EOS|ETH|USDC,0,1,3,2,6,2,1
BNB|BUSD|SAND,1,3,1,3,2,5,0
BTC|TRY|XRP,0,1,1,7,6,0,0
ETH|RUB|USDT,1,3,0,2,5,2,2
AR|BTC|BUSD,1,2,4,2,1,3,2
BTC|BUSD|OMG,2,3,5,1,3,0,1
BTC|BUSD|CRV,0,3,5,3,1,2,1
BTC|BUSD|ONT,3,1,1,2,4,2,2
BTC|BUSD|XVS,3,3,2,4,1,1,1
BNB|BTC|USDC,1,5,2,1,0,3,3
TRY|USDT|XRP,1,1,0,8,3,1,1
BRL|BUSD|WIN,0,2,2,3,3,2,3
AION|BNB|USDT,1,2,1,4,2,0,4
ETH|OMG|USDT,3,2,2,1,3,1,2
BTC|UAH|USDT,1,3,2,0,4,2,2
BUSD|ETH|IOTA,0,1,6,2,0,0,5
BUSD|ETH|KNC,2,1,4,2,2,1,2
BTC|USDT|ZEN,3,5,1,1,0,4,0
ETH|TRX|XRP,8,0,0,2,1,1,2
BUSD|EUR|WIN,3,3,4,4,0,0,0
BUSD|EUR|SXP,0,3,3,4,2,1,1
BNB|IOST|USDT,2,1,3,2,4,1,1
EUR|GRT|USDT,1,0,8,2,2,1,0
BNB|ETC|ETH,4,3,0,0,1,3,3
BNB|DASH|USDT,4,2,1,1,3,1,2
TRX|TRY|XRP,11,0,0,0,2,1,0
BTC|OGN|USDT,3,3,2,0,1,1,4
BNB|USDC|USDT,2,4,2,1,0,3,2
BTC|HARD|USDT,2,0,6,1,0,2,2
BUSD|ROSE|USDT,2,1,3,2,3,0,2
BTC|OCEAN|USDT,0,1,3,5,0,3,1
BUSD|ETH|MANA,1,5,1,1,1,1,3
ANT|BTC|BUSD,3,0,3,2,1,2,2
BTC|EUR|XRP,5,1,0,4,1,1,1
BNB|USDT|WAN,3,1,0,3,1,2,3
BNB|INJ|USDT,1,1,0,4,4,1,2
BTC|BUSD|NANO,1,1,1,3,4,1,2
BNB|STX|USDT,1,1,1,5,1,4,0
ANT|BUSD|USDT,2,0,2,1,3,3,2
ADA|BNB|USDC,1,3,0,4,3,1,1
BNB|SRM|USDT,0,4,1,3,0,3,2
BUSD|TLM|USDT,2,1,5,1,1,3,0
BTC|CRV|USDT,1,3,2,3,2,1,1
BNB|SC|USDT,2,2,2,0,2,3,2
ETH|USDT|ZIL,0,3,2,4,0,2,2
BUSD|EGLD|EUR,0,0,12,1,0,0,0
BNB|LTC|TUSD,2,2,1,2,3,1,2
BNB|BTC|STX,2,1,0,2,5,3,0
BUSD|FTM|USDT,0,3,1,1,2,0,6
BTC|BUSD|SKL,2,3,2,2,3,0,1
BNB|EUR|USDT,2,3,0,3,2,0,2
BUSD|MIR|USDT,0,0,2,2,4,3,1
BNB|ETH|USDC,1,2,2,2,0,3,2
BNT|BTC|BUSD,3,0,1,4,1,2,1
BNB|USDT|ZEC,3,3,2,0,3,1,0
ETH|ICX|USDT,3,1,1,2,2,0,3
ETH|KNC|USDT,1,1,2,5,2,1,0
BTC|RUNE|USDT,1,1,0,1,6,1,2
BNB|BUSD|XVS,2,1,3,2,3,1,0
BNB|BUSD|ENJ,0,2,1,4,3,2,0
ETH|USDT|ZEN,3,3,1,2,2,1,0
BTC|ETH|RUB,1,2,2,2,3,2,0
ARPA|BNB|USDT,1,2,2,0,3,2,2
ETH|SC|USDT,2,3,1,1,2,2,1
BNB|BUSD|WAVES,0,3,1,3,1,2,2
EUR|USDT|XRP,1,1,0,5,2,2,0
BNB|BTC|EUR,0,3,1,3,4,0,0
ETH|STORJ|USDT,2,1,2,1,2,2,1
BNB|DAI|ETH,0,8,3,0,0,0,0
BNB|ETH|PAX,2,1,2,1,5,0,0
BTC|BUSD|COMP,0,0,1,5,2,1,2
BNB|IDRT|USDT,1,2,3,0,3,1,1
BTC|RUB|USDT,0,0,1,4,4,0,2
BUSD|FTT|USDT,5,2,2,0,0,2,0
BUSD|ENJ|ETH,0,4,1,2,2,2,0
BUSD|RUB|USDT,0,0,0,4,1,4,2
BNB|BTC|SRM,0,1,3,3,1,1,2
BUSD|ETH|ZRX,3,1,3,0,1,2,1
BTC|LRC|USDT,2,2,0,0,3,2,2
BTC|BUSD|ENJ,2,0,2,3,1,0,2
BTC|ETH|EUR,1,1,2,2,4,0,0
ENJ|EUR|USDT,0,1,2,3,3,0,1
BNB|BUSD|ICX,1,2,1,3,0,1,2
BNB|BTC|TRY,1,0,2,4,3,0,0
BTC|TRY|USDT,1,1,0,3,4,0,1
BUSD|IOST|USDT,0,5,4,0,1,0,0
BTC|ICX|USDT,2,0,2,2,0,1,3
AAVE|BNB|USDT,1,3,2,2,1,0,1
BTC|KAVA|USDT,0,0,1,6,1,1,1
BTC|LIT|USDT,0,0,0,2,5,3,0
ETH|IOST|USDT,1,1,0,2,5,1,0
BNB|BUSD|XTZ,0,1,3,2,2,2,0
BNB|BTC|RUB,2,2,1,2,2,1,0
BNT|BUSD|ETH,0,1,2,2,2,2,1
BNB|BUSD|DASH,1,0,3,3,1,1,0
BNB|ETH|TRY,0,0,1,4,4,0,0
BUSD|SFP|USDT,1,2,4,2,0,0,0
BTC|ETH|WBTC,3,1,1,1,0,0,3
BTC|DIA|USDT,1,1,0,1,1,4,1
PAX|TRX|XRP,1,1,1,1,2,1,2
BTC|USDT|WAVES,1,1,5,0,1,0,1
BTC|USDC|XRP,0,2,0,3,0,2,2
BNB|BTC|EGLD,1,2,1,0,1,2,2
TRX|USDC|XRP,0,2,0,5,2,0,0
BTC|BUSD|RUB,0,0,0,2,2,2,3
BUSD|REEF|USDT,2,0,0,1,2,2,2
BNB|BTC|SOL,2,0,1,1,3,0,2
BCH|USDC|USDT,2,0,2,0,1,3,1
BNB|USDT|XLM,1,3,1,2,0,2,0
BUSD|TRX|WIN,1,3,0,3,1,0,1
BTC|FIL|USDT,0,2,1,2,0,3,1
BUSD|ENJ|USDT,1,0,0,3,1,3,1
ETH|USDT|WTC,2,0,2,1,2,1,1
BUSD|ICX|USDT,1,0,1,4,1,0,2
BCH|BNB|USDC,1,0,3,2,0,2,1
BTT|TRX|TUSD,2,0,3,0,0,4,0
BNB|BTC|INJ,0,1,1,4,2,1,0
BTC|BUSD|ICX,2,1,0,3,2,0,0
ETH|TRX|TUSD,1,2,2,0,3,0,0
ALGO|BTC|USDT,2,0,2,1,1,2,0
ALGO|BNB|BTC,0,2,1,1,1,2,1
BTC|BUSD|FIL,3,1,0,1,0,2,1
BNB|TRX|USDC,0,2,2,4,0,0,0
BNB|TRX|TUSD,0,0,0,4,3,1,0
BUSD|TOMO|USDT,1,0,1,1,3,2,0
BAL|BUSD|USDT,0,3,1,2,0,1,1
BNB|BUSD|SRM,1,2,2,3,0,0,0
BNB|LTC|USDC,2,0,1,2,1,1,1
BUSD|ENJ|EUR,1,0,2,3,1,0,1
BUSD|ETH|ICX,0,2,2,2,0,0,2
BCH|BTC|USDC,2,0,3,0,1,2,0
ETH|USDT|XMR,0,2,1,3,1,1,0
BCH|BUSD|USDC,1,0,2,0,0,4,1
EGLD|EUR|USDT,0,0,8,0,0,0,0
BTC|ICP|USDT,2,4,0,1,1,0,0
ETH|USDT|XEM,1,3,0,1,2,0,1
BNB|BUSD|ONE,1,1,2,0,0,2,2
BTC|INJ|USDT,1,3,0,1,0,1,2
BTC|QTUM|USDT,1,4,1,1,0,1,0
ETH|RUB|XRP,0,1,0,2,3,0,2
BNB|DASH|ETH,0,1,2,2,1,1,1
BTC|UMA|USDT,1,1,2,2,0,1,1
AAVE|BNB|ETH,0,0,2,3,2,0,0
BUSD|ONT|USDT,1,0,0,1,1,2,2
EUR|LUNA|USDT,0,0,0,6,0,0,1
BTC|BUSD|DAI,0,2,5,0,0,0,0
AAVE|BNB|BTC,1,2,1,1,1,1,0
ANT|BTC|USDT,2,0,1,1,0,2,1
BUSD|RSR|USDT,0,1,0,1,4,0,1
BUSD|ONE|USDT,0,2,1,2,1,1,0
ALPHA|BTC|USDT,1,0,0,1,2,1,2
BNB|BUSD|DOT,0,1,1,1,2,1,1
BNB|ETH|IOST,0,1,1,0,2,2,1
BNB|ETH|XMR,1,1,0,2,2,1,0
BTC|HNT|USDT,1,1,0,0,1,1,3
BRL|BUSD|USDT,1,1,0,2,3,0,0
BTC|SXP|TRY,1,1,0,4,0,0,1
BUSD|DOT|USDT,0,0,0,2,2,1,2
BTC|EUR|GRT,0,3,4,0,0,0,0
ATOM|BNB|BUSD,0,1,1,2,2,1,0
BTC|TUSD|USDT,1,1,0,4,1,0,0
ETH|TRX|USDC,2,0,0,4,1,0,0
ETH|USDT|VET,0,2,2,3,0,0,0
TRX|TUSD|XRP,0,0,2,2,1,0,2
USDC|USDT|XRP,0,2,0,2,0,1,1
BTC|USDT|XVS,1,0,0,0,3,1,1
BNB|BUSD|MATIC,1,2,0,1,1,1,0
BTC|MANA|USDT,1,0,0,2,2,1,0
BTC|LTC|USDC,0,1,1,0,1,1,2
LTC|USDC|USDT,0,0,1,0,2,1,2
ETH|USDT|WAVES,1,0,3,0,1,0,1
ETH|TRY|XRP,0,1,0,2,2,0,1
AUD|BNB|USDT,1,0,0,2,0,1,2
AUD|BNB|XRP,0,1,0,1,3,0,1
AUD|BTC|USDT,0,0,1,0,5,0,0
AVAX|BUSD|EUR,0,0,0,4,0,1,1
AVAX|BUSD|USDT,0,0,1,4,1,0,0
AXS|BTC|BUSD,1,1,0,1,0,3,0
BAT|BNB|BUSD,0,0,0,3,1,1,1
BAT|BUSD|USDT,0,1,0,0,4,0,1
BIDR|ETH|USDT,0,1,1,0,0,0,4
BUSD|TRY|XRP,1,0,0,3,2,0,0
BUSD|TRY|USDT,2,0,0,3,0,0,1
BNB|BTC|XMR,0,0,1,3,1,1,0
BNB|BTT|BUSD,0,0,1,5,0,0,0
BNB|BTT|TRX,0,0,0,0,4,2,0
BTC|EGLD|EUR,0,0,6,0,0,0,0
BUSD|RUB|XRP,1,0,0,2,3,0,0
BNB|BUSD|EUR,0,1,0,2,2,0,1
BNB|BUSD|INJ,1,1,2,0,0,0,2
BUSD|NEO|USDT,1,1,2,1,0,0,1
BNB|BUSD|SUSHI,0,2,3,0,0,1,0
BNB|EGLD|USDT,1,2,0,0,0,2,1
BNB|ETH|EUR,3,1,0,1,1,0,0
BNB|ETH|ZEC,1,1,1,1,1,1,0
BNB|EUR|SXP,0,1,4,0,0,0,1
BNB|PAX|XRP,0,3,1,0,1,1,0
BNB|RUB|USDT,0,1,1,2,0,0,2
BUSD|CRV|USDT,0,1,1,2,0,2,0
BTC|SOL|TRY,0,2,1,0,1,0,2
BTS|ETH|USDT,1,0,1,2,0,1,1
BTC|STORJ|USDT,0,0,1,4,0,0,1
BRL|BTC|ETH,1,3,0,2,0,0,0
BTC|BUSD|KNC,2,0,0,0,1,2,1
BTC|MATIC|TRY,1,0,2,1,0,1,0
BTC|EUR|USDT,0,0,1,2,0,2,0
BUSD|ETH|OMG,2,0,1,0,1,1,0
BNB|BUSD|ZEC,0,0,0,4,1,0,0
AAVE|BTC|ETH,0,1,0,2,1,1,0
BNB|BUSD|TRY,0,1,0,2,2,0,0
BNB|BUSD|TRX,0,0,0,5,0,0,0
BNB|BUSD|SXP,2,0,0,0,1,2,0
BTC|BUSD|MANA,0,0,0,1,3,0,1
BTC|BUSD|LUNA,0,0,0,0,0,0,5
SOL|TRY|USDT,0,2,0,0,1,0,2
BUSD|KNC|USDT,1,0,0,0,1,2,1
BNB|BUSD|RVN,1,0,0,1,1,2,0
BUSD|NEAR|USDT,0,1,1,3,0,0,0
EUR|TRX|WIN,0,1,0,2,0,2,0
BNB|BUSD|IOST,1,1,0,2,1,0,0
ALGO|BNB|BUSD,0,1,0,3,0,1,0
BTC|BUSD|FTM,0,2,1,0,0,0,2
BNB|BUSD|ETH,2,0,0,2,1,0,0
BTC|BUSD|DOT,0,0,0,2,1,1,1
BNB|BUSD|ETC,0,1,0,1,2,1,0
ETH|USDC|XRP,0,1,0,1,1,1,1
BTC|ETH|TUSD,0,1,0,2,1,0,1
DASH|ETH|USDT,1,0,1,0,0,1,2
AUD|BNB|BTC,1,1,0,1,0,0,2
BTC|IDEX|USDT,0,0,1,0,0,3,1
BNB|RVN|USDT,1,2,0,2,0,0,0
AUD|BTC|DOGE,0,0,0,0,4,1,0
BEL|BTC|USDT,0,0,0,0,2,2,1
BUSD|DAI|USDT,0,1,1,0,0,3,0
BUSD|COMP|USDT,2,0,0,2,1,0,0
BRL|BUSD|DOT,0,2,0,2,0,0,1
BCH|BNB|USDT,1,0,1,2,1,0,0
AUD|USDT|XRP,1,0,0,1,3,0,0
ETH|EUR|USDT,2,0,0,1,0,1,1
AVAX|BNB|BUSD,1,1,0,2,0,0,1
BNB|USDC|ZEC,0,1,0,2,1,1,0
BRL|BTC|USDT,0,3,2,0,0,0,0
BTC|BUSD|TOMO,0,0,1,0,2,2,0
ETH|LTC|USDC,0,0,1,0,2,1,1
BTC|BUSD|TRY,0,1,0,4,0,0,0
BAL|BTC|USDT,1,1,0,0,1,2,0
AXS|BUSD|USDT,0,1,0,0,3,1,0
BUSD|ETH|RUB,1,1,0,1,2,0,0
BRL|BTC|BUSD,1,1,0,1,1,0,0
BNB|USDT|XMR,0,0,0,2,0,1,1
AVAX|BNB|USDT,1,1,1,1,0,0,0
BTC|USDT|XTZ,0,3,1,0,0,0,0
BAT|BUSD|ETH,0,2,0,0,1,1,0
BTC|OXT|USDT,1,0,0,0,0,1,2
BNB|TRX|USDT,0,4,0,0,0,0,0
ETH|GBP|LINK,0,0,1,0,1,0,2
BCH|BNB|BTC,1,0,0,2,1,0,0
AVAX|BNB|BTC,0,2,1,1,0,0,0
AUD|BUSD|XRP,1,0,0,1,2,0,0
AUD|BUSD|ETH,0,0,0,1,3,0,0
EOS|EUR|USDT,0,1,1,0,2,0,0
BNB|SUSHI|USDT,2,0,2,0,0,0,0
BCH|BTC|BUSD,0,0,2,0,2,0,0
BCH|BUSD|EUR,0,0,1,0,2,1,0
AUD|BTC|XRP,0,0,0,1,3,0,0
BCH|BUSD|USDT,0,0,1,0,3,0,0
AUD|BTC|ETH,0,0,1,3,0,0,0
BRL|DOT|USDT,0,2,0,1,0,0,1
ATOM|BUSD|USDT,0,1,0,1,2,0,0
BNB|RUB|XRP,0,0,1,2,0,1,0
ETH|TUSD|USDT,0,1,1,1,0,0,1
BUSD|USDT|VET,1,1,1,0,1,0,0
BNB|PAX|TRX,1,0,0,2,0,1,0
BNB|BRL|XRP,1,0,0,0,3,0,0
BNB|BTC|SUSHI,0,0,2,0,0,1,1
BUSD|SXP|USDT,0,1,0,1,1,1,0
BUSD|SXP|TRY,0,0,0,3,1,0,0
BUSD|SNX|USDT,2,0,0,1,1,0,0
BTC|BUSD|SUSHI,0,0,1,0,1,2,0
AAVE|BNB|BUSD,0,1,0,2,1,0,0
ALGO|BUSD|USDT,1,1,0,0,1,0,1
BTC|KSM|USDT,0,0,0,0,3,1,0
BUSD|QTUM|USDT,2,0,0,0,0,0,2
BTC|BUSD|GRT,0,2,0,1,0,1,0
BNB|BUSD|LTC,1,0,0,2,1,0,0
BUSD|EOS|EUR,0,1,1,0,2,0,0
BNB|BUSD|LUNA,2,0,0,0,1,0,1
BTC|BUSD|ICP,0,0,1,1,1,1,0
BUSD|MATIC|TRY,1,0,0,1,1,1,0
BNB|BUSD|NEO,0,0,0,4,0,0,0
HOT|TRY|USDT,0,0,0,1,1,0,2
MATIC|TRY|USDT,1,0,0,1,1,1,0
SXP|TRY|USDT,0,0,2,1,0,1,0
ADA|BNB|BUSD,0,1,0,3,0,0,0
AAVE|ETH|USDT,0,2,0,0,0,2,0
BNB|BUSD|XLM,1,0,0,2,0,1,0
BUSD|FIL|USDT,1,0,0,1,0,0,2
BNB|BUSD|XMR,0,0,0,4,0,0,0
BUSD|EUR|XRP,1,0,0,3,0,0,0
BNB|ETH|RUB,0,0,0,3,1,0,0
BTC|ENJ|EUR,0,1,0,0,2,0,1
BNB|CHZ|TRY,0,2,0,0,1,1,0
BNB|DOT|USDT,0,0,3,1,0,0,0
BNB|ENJ|EUR,0,0,1,1,1,0,1
BUSD|ETH|WAVES,1,1,1,0,0,0,1
BUSD|ETH|TRY,0,0,0,0,2,0,2
1INCH|BUSD|USDT,0,2,2,0,0,0,0
BNB|EGLD|EUR,0,1,3,0,0,0,0
BUSD|ETH|QTUM,1,1,0,1,1,0,0
BNB|BUSD|CELR,0,0,0,0,1,2,0
1INCH|BTC|BUSD,0,1,1,0,1,0,0
ADA|AUD|BTC,1,0,0,0,2,0,0
BTC|BUSD|SNX,0,0,0,1,1,0,1
BTC|BUSD|NEAR,0,0,2,0,0,1,0
ADA|BRL|BUSD,0,0,0,0,3,0,0
ADA|BRL|USDT,0,0,0,0,3,0,0
ADA|BTC|GBP,0,0,0,0,3,0,0
BTC|BUSD|SXP,0,0,0,0,2,1,0
ADA|BUSD|GBP,0,0,0,0,3,0,0
ADA|BUSD|TRY,0,0,0,0,3,0,0
ADA|ETH|GBP,0,1,0,0,2,0,0
ADA|GBP|USDT,0,0,0,0,3,0,0
ETH|USDT|ZEC,0,0,2,0,0,0,1
ADA|TRY|USDT,0,0,0,0,3,0,0
ALGO|BNB|USDT,0,0,0,0,0,1,2
BNB|BUSD|ZIL,0,1,0,0,1,1,0
ALGO|BTC|BUSD,0,1,0,0,1,1,0
ALICE|BUSD|USDT,0,1,1,0,0,1,0
BUSD|ETH|LINK,0,0,0,1,1,0,1
BUSD|EUR|XLM,0,0,0,0,1,1,1
ATOM|BNB|BTC,0,1,0,1,1,0,0
ATOM|BNB|USDT,1,0,0,1,1,0,0
BUSD|ETH|IOST,1,0,1,0,1,0,0
BRL|LINK|USDT,0,1,0,0,2,0,0
AUD|BNB|BUSD,1,0,0,1,1,0,0
BTC|IOTA|USDT,0,0,1,2,0,0,0
BRL|BUSD|LINK,0,1,0,0,2,0,0
ETH|ONT|USDT,1,1,0,0,0,1,0
AUD|BUSD|USDT,0,0,0,0,3,0,0
BUSD|GRT|USDT,0,2,1,0,0,0,0
BRL|BUSD|DOGE,0,1,0,0,2,0,0
AUD|DOGE|USDT,1,0,0,0,2,0,0
BUSD|HOT|TRY,0,0,0,1,2,0,0
AUD|ETH|USDT,0,0,0,1,2,0,0
BTC|USDT|XLM,0,0,0,2,1,0,0
BUSD|ETH|GRT,0,1,1,1,0,0,0
BTC|USDT|XRP,0,0,0,2,0,0,1
BRL|BTC|LINK,0,1,0,0,2,0,0
AVAX|BTC|BUSD,0,0,0,1,1,1,0
BUSD|ETH|EUR,0,0,0,2,0,0,1
BTC|SRM|USDT,0,0,0,0,0,1,2
BTT|BUSD|TRX,0,1,0,0,1,1,0
BAT|BTC|BUSD,0,0,0,1,2,0,0
BUSD|LINK|USDT,0,0,0,2,0,1,0
ETH|EUR|XRP,0,0,0,2,0,0,1
BNB|SOL|TRY,0,1,0,0,1,0,1
ENJ|ETH|EUR,0,0,1,0,1,0,1
BUSD|DASH|USDT,0,0,0,0,1,2,0
BNB|RVN|TRY,2,0,0,0,1,0,0
BUSD|MANA|USDT,1,0,1,0,1,0,0
BUSD|USDT|ZEC,0,0,0,0,3,0,0
BUSD|MATIC|USDT,0,3,0,0,0,0,0
BNB|BUSD|NEAR,0,0,3,0,0,0,0
BUSD|USDT|XMR,1,0,0,1,1,0,0
BUSD|USDT|XLM,1,0,0,1,1,0,0
BUSD|EOS|USDC,0,0,3,0,0,0,0
BUSD|UNI|USDT,0,0,0,2,0,0,1
BNB|BTC|BUSD,0,0,0,2,1,0,0
BUSD|SUSHI|USDT,0,0,1,0,1,1,0
BUSD|SRM|USDT,0,2,0,1,0,0,0
BTC|BUSD|WAVES,0,0,1,1,0,0,1
BUSD|SOL|TRY,0,2,0,0,0,0,1
BNB|BUSD|DAI,0,0,3,0,0,0,0
BUSD|RVN|TRY,0,0,1,1,1,0,0
BNB|BUSD|FTM,0,0,1,0,1,0,1
BUSD|DASH|ETH,0,0,0,2,0,0,0
ETC|ETH|USDT,0,2,0,0,0,0,0
TRY|USDT|XLM,0,0,0,0,2,0,0
BNB|MATIC|TRY,1,0,0,0,0,1,0
TRY|USDT|VET,0,0,0,1,1,0,0
BNB|BUSD|EGLD,0,1,0,0,0,1,0
AAVE|BUSD|ETH,0,1,0,0,0,0,1
BUSD|RVN|USDT,0,0,0,0,1,0,1
BNB|BUSD|HOT,0,0,0,1,1,0,0
BTC|BUSD|NEO,0,1,1,0,0,0,0
BUSD|DOT|TRY,0,0,0,0,2,0,0
BNB|BTT|USDT,0,0,0,1,0,1,0
BUSD|DOT|EUR,0,1,0,0,1,0,0
BTC|CELO|USDT,0,0,0,0,0,1,1
BCH|EUR|USDT,0,0,1,0,0,1,0
BNB|BUSD|IOTA,0,0,1,0,0,0,1
BTC|EOS|EUR,0,1,0,0,1,0,0
ADA|AUD|BUSD,0,0,0,0,2,0,0
ADA|AUD|USDT,0,0,0,0,2,0,0
BUSD|ETH|USDT,0,0,0,1,0,1,0
BTC|BUSD|LTC,0,0,0,0,2,0,0
ADA|BRL|BTC,0,0,0,0,2,0,0
ADA|BRL|ETH,0,0,0,0,2,0,0
BUSD|ETH|XRP,0,1,0,0,1,0,0
BNB|BTC|NEAR,0,1,1,0,0,0,0
ADA|BTC|TRY,0,0,0,0,2,0,0
BUSD|ETH|LTC,0,0,0,0,2,0,0
BNB|BTC|GBP,1,0,0,0,1,0,0
GBP|USDT|XRP,0,0,0,0,2,0,0
BTC|ETH|GBP,0,0,0,0,0,2,0
BUSD|TRY|VET,0,0,0,1,1,0,0
GBP|LINK|USDT,0,0,1,0,1,0,0
EUR|TRX|XRP,2,0,0,0,0,0,0
BUSD|EOS|TRY,0,0,0,0,2,0,0
EUR|LINK|USDT,0,1,0,0,1,0,0
BUSD|EUR|LINK,0,1,0,0,1,0,0
ETH|USDT|XRP,0,0,0,0,1,0,1
BTC|BUSD|FTT,1,0,0,0,0,1,0
ETH|USDT|XLM,0,0,0,0,2,0,0
BUSD|USDT|WAVES,0,0,0,0,0,1,1
BNB|BRL|DOT,0,1,0,1,0,0,0
BNB|BRL|BTC,0,2,0,0,0,0,0
BUSD|EUR|LUNA,0,0,0,2,0,0,0
BTC|BUSD|EUR,1,0,0,1,0,0,0
BTC|BUSD|DASH,0,0,0,0,1,1,0
ALICE|BTC|BUSD,1,1,0,0,0,0,0
ARPA|BNB|TRY,0,0,0,0,1,1,0
BNB|ETH|TRX,0,1,0,0,0,0,1
ATOM|BTC|BUSD,0,0,0,0,2,0,0
BRL|ETH|USDT,1,0,0,0,1,0,0
BNB|BUSD|VET,0,0,0,2,0,0,0
AUD|BNB|ETH,1,0,0,1,0,0,0
BNB|BUSD|USDT,0,0,0,2,0,0,0
BTC|GBP|XRP,0,0,0,0,2,0,0
BUSD|LUNA|USDT,0,0,0,0,0,1,1
BUSD|GBP|LINK,0,0,1,0,1,0,0
BUSD|LTC|USDT,0,0,0,1,1,0,0
DOGE|EUR|USDT,0,0,0,0,2,0,0
AUD|BUSD|DOGE,0,0,0,0,2,0,0
BUSD|GBP|XRP,0,0,0,0,2,0,0
DOT|EUR|USDT,0,1,0,0,1,0,0
DOT|TRY|USDT,0,0,0,0,2,0,0
BTC|BUSD|SRM,0,0,0,1,0,0,1
BNB|BUSD|USDC,0,1,1,0,0,0,0
BUSD|HOT|USDT,0,0,0,1,1,0,0
AUD|ETH|XRP,0,0,0,0,2,0,0
BUSD|IOTX|USDT,1,0,0,0,1,0,0
ETH|LTC|RUB,1,0,0,1,0,0,0
BRL|BTC|DOT,0,1,0,1,0,0,0
BNB|BUSD|RUB,1,0,0,1,0,0,0
EOS|TRY|USDT,0,0,0,0,2,0,0
BTT|TRX|USDT,0,0,0,1,0,1,0
BNB|BUSD|ONT,0,0,0,2,0,0,0
ETH|EUR|GRT,0,1,1,0,0,0,0
AVAX|BTC|EUR,0,0,0,0,0,1,0
BTC|CHZ|EUR,0,0,1,0,0,0,0
BUSD|CHZ|EUR,0,0,1,0,0,0,0
ETH|EUR|XLM,0,0,0,0,1,0,0
BCH|BNB|BUSD,0,0,0,1,0,0,0
BNB|SXP|USDT,0,1,0,0,0,0,0
BNB|TRX|TRY,0,0,1,0,0,0,0
ETH|GBP|XRP,0,0,0,0,1,0,0
ETH|GRT|USDT,0,1,0,0,0,0,0
BNB|SXP|TRY,0,0,0,1,0,0,0
BNB|TRY|VET,0,0,0,1,0,0,0
BUSD|LINK|TRY,0,0,0,0,1,0,0
BTC|EUR|LINK,0,0,0,0,1,0,0
BTT|BUSD|USDT,0,0,0,0,1,0,0
BAKE|BNB|USDT,0,0,0,0,1,0,0
BAKE|BNB|BUSD,0,0,0,0,0,0,1
BTC|SNX|USDT,0,0,0,0,1,0,0
BUSD|ETC|USDT,0,0,0,1,0,0,0
AVAX|TRY|USDT,0,0,0,0,0,1,0
AVAX|EUR|USDT,0,0,0,0,0,1,0
BTC|EUR|XLM,0,0,0,0,1,0,0
BTC|GBP|LINK,0,0,1,0,0,0,0
BNB|HOT|TRY,0,0,0,0,1,0,0
BTC|BUSD|ZEC,0,0,0,0,1,0,0
BNB|SOL|USDT,0,0,0,0,1,0,0
BCH|BTC|EUR,0,0,0,0,0,1,0
AVAX|BNB|TRY,0,0,1,0,0,0,0
EOS|ETH|EUR,0,1,0,0,0,0,0
BUSD|ETH|GBP,0,0,0,0,0,1,0
BTC|USDT|XMR,0,0,0,0,1,0,0
BNB|EUR|LUNA,0,0,0,0,0,0,1
BUSD|ETC|ETH,0,0,0,0,0,1,0
BUSD|ETH|ONT,0,0,0,0,0,0,1
BUSD|HBAR|USDT,0,0,1,0,0,0,0
BUSD|LTC|RUB,0,0,0,0,1,0,0
DOGE|TRY|USDT,0,0,0,0,1,0,0
BRL|BUSD|ETH,0,0,0,0,1,0,0
BUSD|GBP|USDT,1,0,0,0,0,0,0
DOGE|GBP|USDT,0,0,0,0,1,0,0
ETH|PAX|USDT,0,0,0,0,1,0,0
BIDR|BNB|BTC,0,1,0,0,0,0,0
BIDR|BNB|ETH,0,0,0,0,0,0,1
BRL|BUSD|XRP,0,0,0,0,1,0,0
BRL|DOGE|USDT,0,0,0,0,1,0,0
AUD|BTC|BUSD,0,0,0,0,1,0,0
BRL|ETH|LINK,0,1,0,0,0,0,0
BIDR|BTC|DOT,0,0,0,0,1,0,0
CHZ|TRY|USDT,0,0,0,0,0,1,0
CHZ|EUR|USDT,0,0,1,0,0,0,0
BUSD|EOS|USDT,0,0,0,1,0,0,0
BTC|BUSD|XLM,1,0,0,0,0,0,0
BIDR|BUSD|DOT,0,0,0,0,1,0,0
BIDR|BUSD|ETH,0,0,0,0,0,0,1
BUSD|ETH|IOTX,0,0,0,0,0,1,0
ARPA|TRY|USDT,0,0,1,0,0,0,0
ETH|TRY|VET,0,0,0,1,0,0,0
BTC|KNC|USDT,0,0,0,0,1,0,0
BRL|USDT|XRP,0,0,0,0,1,0,0
BIDR|DOT|USDT,0,0,0,0,1,0,0
BTC|UNI|USDT,0,0,0,1,0,0,0
BUSD|EUR|VET,0,0,0,0,1,0,0
BTC|BUSD|UNI,0,0,0,1,0,0,0
BUSD|USDT|XRP,0,0,0,1,0,0,0
BUSD|MKR|USDT,0,1,0,0,0,0,0
BUSD|EUR|TRX,0,0,1,0,0,0,0
BTC|BUSD|ZRX,1,0,0,0,0,0,0
BTC|BUSD|USDT,0,0,0,1,0,0,0
BNB|BRL|ETH,0,0,0,1,0,0,0
BNB|BRL|LTC,0,0,0,0,1,0,0
BUSD|EUR|LTC,0,0,0,0,1,0,0
BTC|MKR|USDT,0,0,0,1,0,0,0
BTC|BUSD|XMR,1,0,0,0,0,0,0
ADA|EUR|USDT,0,0,0,0,1,0,0
BNB|DOT|TRY,0,0,0,1,0,0,0
ADA|BUSD|USDT,0,0,1,0,0,0,0
BUSD|DOGE|EUR,0,0,0,0,1,0,0
ADA|BUSD|USDC,0,1,0,0,0,0,0
BUSD|ETH|ZIL,0,0,1,0,0,0,0
EUR|TRX|USDT,0,0,1,0,0,0,0
BTC|TRY|XLM,0,0,0,0,1,0,0
BTC|ETH|PAX,0,0,0,0,1,0,0
EUR|USDT|VET,0,0,0,0,1,0,0
EUR|USDT|XLM,0,0,0,0,1,0,0
BUSD|ETH|ZEC,0,0,0,0,0,0,1
ADA|BUSD|EUR,0,0,0,0,1,0,0
BUSD|TRY|XLM,0,0,0,0,1,0,0
BNB|BTC|DOT,0,0,0,1,0,0,0
BUSD|TRX|USDT,0,0,0,1,0,0,0
ADA|BUSD|ETH,0,0,1,0,0,0,0
LINK|TRY|USDT,0,0,0,0,1,0,0
BUSD|TRX|USDC,0,0,0,0,1,0,0
BUSD|DOGE|GBP,0,0,0,0,1,0,0
LTC|RUB|USDT,0,1,0,0,0,0,0
ADA|BTC|EUR,0,0,0,0,1,0,0
BTC|LINK|TRY,0,0,0,0,1,0,0
BTC|BUSD|LINK,0,0,0,1,0,0,0
BUSD|ETH|XMR,0,0,0,1,0,0,0
BNB|BTC|SXP,0,1,0,0,0,0,0
BTC|BUSD|XRP,0,0,0,1,0,0,0
BNB|BTC|UNI,0,0,0,1,0,0,0
BUSD|DOGE|TRY,0,0,0,0,1,0,0
BUSD|DOGE|USDT,1,0,0,0,0,0,0
ADA|BNB|TRY,0,0,1,0,0,0,0
BTC|TRB|USDT,0,0,0,0,1,0,0
ADA|BNB|BRL,0,0,0,0,1,0,0
BUSD|EOS|ETH,0,0,0,1,0,0,0
BTC|EOS|TRY,0,0,0,0,1,0,0
BUSD|SOL|USDT,0,0,1,0,0,0,0
BNB|NEAR|USDT,0,0,1,0,0,0,0
BNB|BUSD|FTT,1,0,0,0,0,0,0
BTC|DOT|EUR,0,0,0,0,1,0,0
BNB|LUNA|USDT,0,0,0,0,0,1,0
BTC|BUSD|QTUM,0,0,0,0,0,0,1
AAVE|BTC|BUSD,0,0,0,0,0,1,0
BUSD|ETH|NEO,0,0,0,1,0,0,0
BUSD|ETH|TRX,0,0,0,1,0,0,0
ETH|EUR|LINK,0,0,0,0,1,0,0