triangle_key,Jan,Feb,Mar,Apr,May,Jun,Jul,Aug,Sep,Oct,Nov,Dec
BTC|USDT|VET,1496,1487,1092,794,1340,1494,759,592,629,728,1924,1547
BTC|SC|USDT,1136,1663,1118,1210,1818,1452,862,1401,1022,1147,684,351
BTC|FUN|USDT,3506,569,882,1004,694,393,482,2506,764,500,575,1223
BTC|IOST|USDT,888,940,974,1104,1509,1252,1239,971,863,846,1200,911
BTC|COS|USDT,564,915,1374,1384,1074,1006,427,806,542,587,542,638
BTC|CELR|USDT,1080,1016,914,790,974,786,864,997,442,273,402,397
BTC|ONE|USDT,673,1038,472,139,268,403,601,1199,833,476,582,531
BTC|IOTX|USDT,342,758,694,999,1153,905,753,424,386,424,165,84
BTC|ETH|HOT,895,756,421,328,816,462,789,536,1059,427,252,185
ANKR|BTC|USDT,661,979,356,79,315,398,922,1053,483,544,567,540
BTC|DGB|USDT,984,503,728,328,138,264,526,430,405,538,887,742
BTC|MITH|USDT,586,607,683,234,237,306,593,488,413,334,258,520
BTC|ETH|SC,395,555,567,677,477,496,386,425,229,334,281,81
BTC|TCT|USDT,242,347,674,725,497,329,300,290,250,331,295,389
ARN|BTC|ETH,222,78,28,888,423,672,448,930,479,222,101,92
BTC|USDT|XVG,136,68,162,103,82,444,511,761,546,566,831,365
BTC|ETH|XVG,481,533,547,277,363,366,259,358,237,249,539,279
BTC|USDT|ZIL,372,480,610,137,394,64,146,260,190,469,610,462
BTC|GTO|USDT,318,580,760,274,328,213,274,254,229,256,230,324
DENT|ETH|USDT,374,696,385,138,238,301,414,324,201,221,298,311
BTC|ETH|VET,479,468,399,167,374,456,238,141,95,166,462,368
BTC|TRX|USDT,540,574,945,358,89,62,135,154,128,156,138,383
BTC|DOGE|USDT,612,166,213,97,30,23,1035,347,146,148,386,369
BTC|TFUEL|USDT,396,349,36,27,187,566,411,485,254,217,154,441
BTC|HOT|USDT,160,250,353,234,760,440,723,183,82,121,98,107
BTC|ETH|FUN,688,148,187,182,245,149,154,531,258,173,224,532
BTC|BUSD|XVG,65,17,52,332,393,488,324,481,353,252,485,133
BTC|CHZ|USDT,663,837,109,58,135,93,25,124,194,164,179,437
BNB|BTC|COS,223,225,336,239,323,238,185,303,159,221,152,343
BTC|ETH|TRX,446,355,686,142,154,112,111,69,43,90,267,355
BTC|DREP|USDT,98,557,694,23,215,349,158,185,56,83,34,107
BTC|BTS|USDT,155,234,309,49,53,85,183,232,359,257,456,172
ARPA|BTC|USDT,491,602,224,88,180,205,139,150,35,56,147,208
BTC|DOCK|USDT,410,335,193,143,210,136,163,103,165,235,193,220
BNB|BTC|VET,236,178,289,205,255,317,186,187,122,101,217,188
BTC|RVN|USDT,487,319,135,93,250,139,300,86,35,139,203,194
BTC|ETH|IOTX,155,297,338,207,422,305,186,131,79,79,74,71
BNB|BTC|SC,212,256,285,247,249,351,232,140,51,119,110,27
BNB|BTC|ETH,0,0,0,0,0,0,0,564,871,440,277,103
BTC|MDT|USDT,101,133,293,260,225,204,162,214,163,189,166,56
BTC|BUSD|IOST,71,53,122,226,343,186,316,227,118,178,181,98
BTC|BUSD|TRX,286,421,641,340,53,8,55,37,6,94,54,117
BTC|ETH|QSP,412,102,93,151,200,111,140,124,56,80,219,424
BTC|BUSD|VET,427,386,304,129,172,126,81,49,57,58,114,181
BTC|MATIC|USDT,396,64,25,74,199,15,115,187,121,165,320,299
BTC|ETH|MCO,69,13,28,21,13,12,5,468,305,390,481,94
BTC|CDT|ETH,275,221,225,181,149,153,106,90,104,72,99,151
BNB|BTC|CELR,209,357,145,65,96,135,168,253,83,77,77,136
BTC|JST|USDT,228,269,307,56,81,136,200,101,33,116,151,114
BTC|ETH|IOST,183,83,114,145,202,161,204,139,119,121,155,121
BNB|BTC|TRX,230,224,550,90,52,30,84,46,32,50,58,181
BNB|BTC|ONE,137,213,221,41,86,83,120,155,142,126,123,158
BTC|BUSD|DGB,94,39,133,109,45,132,138,165,108,130,324,160
BTC|ETH|QKC,102,165,216,142,131,149,115,93,125,127,94,84
BTC|ETH|WTC,118,20,24,10,12,3,8,191,449,316,217,158
BTC|ETH|NULS,345,87,176,89,63,143,124,39,51,34,255,117
ETH|NPXS|USDT,317,592,120,11,42,18,136,98,28,65,38,44
BTC|FTM|USDT,311,79,77,106,155,57,60,48,27,35,212,264
BTC|PERL|USDT,167,131,145,123,137,57,119,121,109,104,83,109
BNB|BTC|MITH,175,191,274,64,74,142,46,37,33,48,82,230
BTC|ETH|OST,328,128,177,119,90,52,25,48,34,35,48,216
BTC|ETH|ZIL,83,111,126,78,135,16,40,128,66,141,167,144
BTC|USDT|VITE,187,254,183,71,70,50,97,48,57,64,53,92
BTC|BUSD|ONE,89,350,173,0,14,110,163,86,90,46,51,25
BTC|ETH|WABI,280,45,38,49,20,12,14,32,303,118,114,156
BTC|ETH|STORM,24,43,110,56,258,281,65,58,43,58,91,49
ANKR|BNB|BTC,133,198,82,13,58,70,93,210,65,68,66,79
BTC|ETH|VIB,248,111,82,99,75,51,56,66,68,50,114,108
BTC|STPT|USDT,86,299,105,121,106,88,122,66,54,17,18,37
BTC|ETH|MDA,160,24,24,29,32,6,16,32,163,275,244,72
BNB|USDT|VET,88,109,291,195,51,0,12,121,53,30,50,68
BQX|BTC|ETH,371,44,76,62,26,18,38,47,25,76,130,153
BTC|ETH|LINK,215,29,16,35,19,13,19,28,95,298,155,115
BNB|BTC|HOT,68,49,99,51,253,149,224,49,18,36,19,21
BTC|ETH|SNT,69,41,51,21,27,22,8,12,11,169,457,87
BNB|BUSD|WIN,75,21,36,16,104,76,61,128,88,162,102,95
BTC|ETH|QTUM,44,7,1,1,0,1,1,4,304,273,187,131
ETH|HOT|USDT,276,324,45,20,30,14,21,41,41,26,37,53
BTC|ETH|NCASH,43,27,49,75,74,109,118,99,94,79,130,22
BTC|ENG|ETH,309,47,55,33,28,23,20,39,20,79,123,108
AION|BTC|ETH,239,100,55,31,60,24,57,81,17,10,35,136
BTC|ETH|KNC,141,23,42,34,13,6,3,1,80,207,180,102
BTC|ETH|POWR,202,55,47,60,34,8,13,13,7,4,273,96
BTC|TRX|TRY,68,124,300,133,6,4,14,19,5,66,33,24
BTC|BTG|ETH,234,28,23,46,26,1,3,35,10,26,221,116
BTC|ETH|LRC,169,53,59,49,20,36,17,25,184,12,74,70
BTC|ETH|TNB,82,69,58,43,49,110,55,66,63,42,55,61
BTC|ETH|USDT,0,0,0,0,0,0,0,291,135,232,77,0
BTC|ETH|GVT,196,60,72,43,23,24,7,27,47,43,117,62
BNB|BTC|ICX,326,40,42,19,20,1,13,15,11,0,5,219
BNB|BTC|ZIL,33,42,114,100,97,20,33,74,46,59,48,37
BTC|ETH|RDN,97,28,51,43,15,7,5,18,15,28,271,115
BTC|ETH|QLC,96,65,30,47,46,45,78,45,64,34,59,55
BTC|IRIS|USDT,52,29,54,45,123,69,92,40,51,49,30,21
BTC|ETH|LSK,283,14,12,6,12,10,4,11,5,9,44,242
BTC|BUSD|IOTX,2,0,1,1,29,80,137,94,114,137,34,0
BCPT|BTC|ETH,218,38,30,31,20,16,13,25,93,17,76,49
BNB|ETH|ICX,312,38,31,9,9,2,10,3,1,1,1,194
BTC|ETH|NEO,5,0,0,0,0,0,0,0,15,253,244,88
BNB|BTC|WABI,197,52,79,35,53,17,17,22,17,9,37,69
BTC|ETH|TNT,189,25,21,17,34,12,11,18,39,86,70,80
BTC|ETH|OMG,49,3,2,7,1,4,6,12,53,154,180,122
BNB|TRX|WIN,35,50,198,20,70,59,45,22,17,31,19,18
BTC|BUSD|IDEX,59,85,71,56,35,38,46,93,38,9,17,28
AMB|BTC|ETH,198,61,30,54,25,20,10,16,20,16,59,64
BTC|BUSD|CELR,19,15,61,33,68,58,63,125,57,12,19,38
BTC|ETH|IOTA,26,6,8,0,4,0,1,5,18,83,350,66
BTC|ETH|LEND,84,18,16,29,38,72,28,43,56,54,11,117
BTC|ETH|XMR,193,17,2,1,1,0,3,6,9,2,82,248
BNB|BTC|IOST,63,30,47,47,50,40,38,32,29,51,119,17
ARK|BTC|ETH,205,20,19,15,12,6,9,7,16,9,63,179
AION|ETH|USDT,71,132,52,43,71,37,41,86,4,4,10,8
BTC|ETH|POE,29,39,24,2,29,49,49,54,43,50,62,122
AION|BNB|BTC,213,41,58,33,31,12,14,16,11,40,13,68
BTC|DATA|USDT,54,51,59,45,124,71,43,22,19,18,9,25
BTC|DLT|ETH,205,25,20,30,36,12,3,12,84,18,45,44
BNB|BTC|WTC,169,61,65,30,27,10,25,33,27,11,34,40
BTC|ETH|PPT,140,68,43,41,32,29,17,25,21,7,21,85
BTC|BTS|ETH,177,21,29,16,16,3,12,6,6,4,50,187
BTC|ETH|REQ,81,17,25,24,18,24,14,26,18,29,137,113
BTC|BUSD|ZIL,82,48,56,1,14,14,14,8,16,63,97,103
BEAM|BTC|USDT,79,199,109,19,12,11,8,2,12,18,9,37
BTC|ETH|STRAT,176,14,18,25,9,2,4,7,5,27,46,181
BTC|ETH|NAS,43,63,82,29,43,24,21,33,13,55,63,38
BTC|BUSD|DOGE,208,6,102,52,0,0,1,7,9,3,57,60
BTC|ETH|ZRX,174,25,39,20,4,0,2,4,22,47,57,108
BTC|DNT|ETH,200,18,22,14,7,5,4,9,10,66,54,92
BTC|TRX|USDC,52,79,124,66,26,16,55,22,14,10,12,19
BTC|ETH|NEBL,140,52,51,31,16,31,13,26,14,15,15,88
BTC|ETH|EVX,192,31,19,19,20,10,23,21,4,44,42,52
BTC|TRX|XRP,62,62,108,61,66,6,11,21,12,23,11,34
BNB|USDC|WIN,18,14,24,28,82,110,98,49,17,0,7,26
BTC|ETH|STORJ,158,21,32,28,12,4,2,16,8,7,102,62
BCC|BTC|USDT,12,2,0,0,1,0,0,0,0,0,422,13
ADX|BTC|ETH,97,24,49,83,49,5,26,24,12,6,10,60
BAT|BTC|ETH,246,35,23,18,10,5,0,5,6,1,15,78
BTC|ETH|GTO,176,11,28,25,38,12,12,9,8,1,4,116
BTC|ETH|KMD,151,31,15,9,11,10,11,14,6,4,36,138
BNB|BTC|IOTA,157,23,18,6,15,0,3,1,2,0,36,172
BTC|BUSD|SYS,45,72,86,57,48,43,14,14,4,0,16,33
BTC|ENJ|ETH,191,32,24,17,8,1,1,0,5,0,56,93
BTC|CHR|USDT,162,137,22,0,5,3,1,1,0,3,14,68
BNB|COS|USDT,2,62,114,209,2,2,2,11,0,2,5,3
BLZ|BTC|ETH,14,40,45,44,83,26,42,68,19,7,10,8
BUSD|USDT|WING,42,68,47,10,66,24,15,12,62,6,11,41
BTC|CMT|ETH,196,13,21,11,19,9,3,16,16,9,19,70
BTC|ETH|XZC,95,28,21,57,17,5,7,6,8,3,29,122
BNB|BTC|XLM,168,5,11,4,1,4,0,1,0,0,1,200
BNB|EUR|WIN,12,2,13,17,85,71,52,43,19,43,20,16
BTC|ETH|MTL,120,24,30,10,14,9,4,5,9,32,46,90
BTC|DATA|ETH,35,16,52,62,26,37,28,24,28,21,40,23
ETH|NULS|USDT,4,2,56,21,29,59,61,33,22,17,54,32
BNB|ETH|VET,26,49,113,68,16,0,4,43,8,9,23,31
BNB|BRL|WIN,27,9,18,17,67,55,84,57,16,20,7,9
BNB|BTC|CHZ,68,76,38,7,10,6,4,5,70,24,18,57
AST|BTC|ETH,123,27,27,18,9,9,6,6,7,45,29,70
BNB|BTC|WAVES,103,40,49,32,23,22,12,9,16,7,5,58
BUSD|DEGO|USDT,0,0,7,5,116,143,100,0,0,0,0,1
BUSD|TRB|USDT,55,102,95,35,7,0,0,3,20,5,29,16
BTC|BUSD|RVN,118,71,7,16,19,21,39,14,8,15,30,9
BUSD|HARD|USDT,36,99,70,30,32,19,3,6,2,0,36,32
BTC|USDT|WTC,175,116,13,7,6,3,3,1,1,4,8,26
BCD|BTC|ETH,48,21,24,25,17,14,11,9,26,13,66,82
BRD|BTC|ETH,140,36,25,19,28,5,18,22,7,9,18,23
BTC|ETH|OAX,154,22,25,15,12,9,7,5,6,14,32,47
BTC|CHZ|TRY,86,252,4,0,0,0,0,0,0,0,0,0
BTC|ETH|LOOM,47,37,31,29,19,27,47,28,13,11,22,19
BTC|ELF|ETH,82,42,30,12,31,16,8,12,22,6,10,55
BTC|ETH|MANA,96,32,14,6,19,10,5,13,10,15,34,68
BTC|ETH|ZEC,120,20,2,8,3,0,0,0,0,0,21,147
BTC|BUSD|JST,29,80,61,12,20,17,12,15,11,25,21,11
BNB|ETH|IOTA,117,15,12,12,6,2,0,1,0,0,11,135
BTC|DASH|ETH,95,13,6,0,0,0,1,0,2,0,71,118
BTC|EOS|ETH,0,0,0,0,0,0,0,0,0,88,193,15
BNB|ETH|XLM,118,13,5,7,1,0,0,0,0,1,1,143
AION|BNB|ETH,144,23,19,13,9,3,4,9,1,8,4,47
BNB|BTC|LTC,106,3,4,1,1,0,1,0,3,0,0,164
BTC|ETH|XLM,0,0,0,0,0,0,0,0,0,0,0,279
BTC|ETC|ETH,49,0,1,0,0,0,0,0,0,12,144,52
BTC|ETH|WAVES,101,12,12,3,6,9,3,6,0,2,4,99
BTC|DGD|ETH,98,15,16,10,10,13,10,8,8,9,14,45
BTC|EUR|VET,32,20,33,29,61,22,15,8,8,8,8,11
BUSD|DATA|USDT,21,85,53,22,40,12,0,2,1,3,1,13
ARPA|BNB|BTC,55,45,41,9,18,36,16,9,2,6,3,12
BNB|BTC|MATIC,19,5,6,24,47,10,48,46,23,3,14,5
BNB|ETH|WTC,103,34,37,9,3,4,14,3,5,0,12,21
BNB|ETH|WABI,141,14,12,6,7,4,1,5,8,1,1,45
LINK|TUSD|USDT,28,40,20,22,29,69,21,4,2,7,1,1
BTC|BUSD|DATA,18,51,37,23,36,20,9,7,9,7,11,14
BTC|ETH|GXS,89,4,1,3,4,5,4,5,7,12,44,62
ARPA|BTC|TRY,3,8,9,14,30,14,29,10,59,51,4,7
BTC|BUSD|VIDT,21,18,16,25,19,19,8,4,1,19,40,46
BTC|ETH|PIVX,32,26,42,26,40,6,7,7,8,14,20,7
BNT|BTC|ETH,64,12,7,8,15,7,5,4,13,7,50,43
BTC|NKN|USDT,74,59,24,1,13,2,3,2,3,12,17,23
BNB|OGN|USDT,163,42,12,0,2,2,0,1,2,0,0,4
BAT|BNB|BTC,89,10,25,18,11,12,4,3,10,10,8,24
BTCST|BUSD|USDT,17,121,17,2,35,18,6,3,1,0,1,1
BUSD|PSG|USDT,23,59,35,24,45,6,10,1,0,1,1,16
BNB|BTC|EOS,0,2,79,124,8,2,1,1,1,0,0,0
BNB|COCOS|USDT,55,32,12,16,18,4,3,16,13,19,12,16
BTC|RVN|TRY,2,7,12,9,27,27,44,23,4,36,14,10
BNB|BTC|WAN,4,6,31,33,22,22,16,41,13,10,8,7
BTT|USDC|USDT,4,51,26,8,57,19,14,4,3,12,2,12
BNB|BTC|RVN,56,14,12,5,2,1,3,7,3,62,23,22
BNB|BTC|USDT,5,1,0,0,2,0,0,0,0,0,110,83
BNB|LTC|USDT,98,0,4,1,0,2,3,1,3,0,0,87
BUSD|UNFI|USDT,28,60,28,1,5,0,0,0,0,0,21,54
BNB|BTC|FTM,18,12,18,31,47,20,11,11,5,5,7,9
BLZ|BNB|BTC,1,48,26,33,19,13,15,7,15,9,3,2
BNB|ETH|USDT,4,0,0,0,1,0,0,0,0,0,73,109
BTC|ETH|STEEM,20,46,24,15,23,10,4,8,8,5,19,4
BNB|EOS|ETH,0,6,49,118,5,4,0,0,0,0,0,0
BTC|BUSD|TRB,16,47,29,26,2,0,0,18,16,3,18,6
BTC|BUSD|WING,15,29,14,3,16,5,5,5,47,7,7,28
BTC|HBAR|USDT,103,8,1,0,0,0,1,0,3,2,10,51
BTC|LINK|TUSD,20,23,17,17,19,52,20,4,3,2,0,0
BNB|EOS|USDT,0,2,68,94,3,3,0,2,2,0,1,1
BNB|ETH|LTC,56,4,3,2,0,2,0,0,0,0,0,108
BNB|BTC|PERL,21,14,43,21,26,5,5,3,2,5,9,21
ETH|HOT|TRY,36,11,30,7,18,10,12,22,17,4,7,1
BNB|ETH|HOT,72,51,17,4,6,2,1,6,1,2,2,6
BNB|BTC|ONT,7,3,79,22,17,1,3,11,10,4,5,7
BTT|TUSD|USDT,9,52,22,15,41,16,5,3,1,0,0,5
BTC|TRY|VET,11,10,21,6,29,7,11,7,10,15,8,28
LINK|USDC|USDT,1,9,11,5,40,68,27,0,0,0,0,1
BNB|BTC|NEO,80,3,2,0,2,0,0,3,1,0,15,56
BUSD|ETH|SLP,59,34,21,18,15,7,0,1,2,0,2,2
BUSD|STRAX|USDT,8,16,19,14,46,14,10,13,10,4,4,2
BNB|BUSD|EOS,0,2,75,80,1,0,0,0,0,0,0,0
BNB|BTC|ENJ,10,25,25,10,12,28,8,6,6,14,1,13
AVA|BUSD|USDT,22,37,22,11,25,10,9,6,1,0,2,9
BTC|DOGE|EUR,0,7,108,37,0,0,0,1,0,0,0,0
ANKR|BNB|USDT,18,7,0,1,14,9,21,25,26,11,13,6
BTC|ETH|RLC,46,23,12,5,7,3,3,6,6,14,11,9
BNB|ETH|NEO,63,5,4,0,2,3,0,2,0,1,11,49
ETH|NEO|USDT,29,0,2,0,0,0,0,0,0,0,42,65
BTC|DUSK|USDT,30,26,10,8,9,6,15,3,4,4,13,9
AION|BTC|USDT,11,13,12,0,33,15,28,4,1,7,10,3
BAT|BNB|ETH,58,10,12,19,7,9,3,3,4,2,1,8
USDC|USDT|ZEC,14,11,14,12,32,5,5,6,8,5,9,14
BEL|BUSD|USDT,5,23,26,17,5,12,4,1,34,6,0,1
BTC|LINK|USDC,1,9,15,6,35,49,18,0,0,0,0,1
BLZ|BNB|ETH,0,51,20,17,14,10,6,2,8,3,2,1
BNB|BUSD|CAKE,21,1,0,0,0,0,0,0,14,74,10,13
BNB|ETH|WAVES,43,21,10,11,9,0,2,4,6,1,0,25
BNB|BTC|OGN,82,25,16,1,3,0,0,1,0,0,1,2
BTC|ETH|GNT,9,5,1,21,19,11,6,18,15,5,14,6
BTC|BUSD|HARD,8,39,21,7,8,4,0,0,0,0,22,21
BNB|TROY|USDT,8,19,32,7,8,5,5,2,4,8,2,30
BTC|DNT|USDT,5,4,39,8,23,8,5,1,0,6,14,16
BTC|ETH|XRP,0,0,0,0,0,0,0,0,0,0,120,8
AUDIO|BUSD|USDT,26,30,14,0,0,0,1,1,9,26,16,5
BTC|SAND|USDT,80,2,0,0,0,0,0,12,4,2,7,19
BNB|NEO|USDT,62,2,3,1,2,0,0,1,0,2,1,52
BTC|NEO|USDT,17,0,0,0,1,0,0,0,0,0,65,40
BTC|ROSE|USDT,61,5,1,0,4,8,13,10,0,1,7,12
BTC|NULS|USDT,8,7,10,2,4,9,7,29,20,16,8,2
ADA|BTC|ETH,2,0,0,0,0,0,0,0,0,0,24,96
ADA|TUSD|USDT,30,46,6,0,8,0,0,1,5,0,16,8
DAI|ETH|USDT,0,0,0,0,0,0,0,119,0,0,0,0
BTC|ETH|THETA,4,2,7,7,51,7,4,11,11,4,4,7
BNB|ETH|WAN,3,4,33,24,16,4,8,20,2,2,2,0
BTC|NGN|USDT,0,15,4,5,6,1,11,8,45,14,5,4
BNB|BTC|THETA,6,11,4,9,17,20,12,16,9,5,3,6
ETH|THETA|USDT,5,3,5,4,61,9,2,10,4,4,1,7
BUSD|CTSI|USDT,13,37,31,3,5,2,1,7,0,0,8,8
BNB|MITH|USDT,1,12,8,8,24,48,6,1,1,2,1,2
BTC|CVC|ETH,7,9,14,7,13,4,5,20,7,8,11,4
BTC|BUSD|MATIC,64,10,0,0,0,1,0,0,2,3,10,18
BTC|DOGE|TRY,0,3,74,31,0,0,0,0,0,0,0,0
BNB|BUSD|XRP,0,0,96,11,0,0,0,0,0,0,0,0
BTC|ETH|ZEN,8,9,4,10,17,5,7,9,8,7,15,6
BTC|ETH|REP,14,3,10,10,15,5,8,9,6,5,8,12
BUSD|CELR|USDT,0,0,0,0,0,85,7,12,0,0,0,0
BNB|BTC|XRP,0,1,73,8,2,4,3,1,8,1,0,2
BNB|ETH|ONT,0,0,55,19,13,1,1,7,2,0,1,2
AE|BTC|ETH,1,15,14,4,12,14,7,16,6,3,4,4
ATOM|USDC|USDT,3,35,8,9,17,10,4,4,8,0,1,1
BTC|BUSD|RUNE,0,0,0,0,0,0,11,51,34,3,0,0
BTC|BUSD|UNFI,11,30,8,2,1,0,1,1,1,0,10,34
BTC|CTSI|USDT,36,8,0,0,7,3,3,3,5,7,15,11
BNB|CELR|USDT,22,14,6,7,9,3,4,6,2,5,4,14
BTC|DAI|USDT,0,0,0,0,0,0,0,96,0,0,0,0
BNB|BTC|ZEN,9,7,5,5,23,12,14,4,3,5,1,8
BNB|ETH|ZIL,3,2,28,12,6,14,3,15,3,6,0,2
BTC|BUSD|FXS,7,10,19,9,9,4,5,5,5,3,7,11
BUSD|DODO|USDT,0,3,1,0,90,0,0,0,0,0,0,0
DATA|ETH|USDT,11,10,8,17,13,6,10,5,0,2,2,8
AVA|BTC|BUSD,4,17,8,2,5,3,0,15,17,7,9,5
BNB|USDT|XRP,0,0,68,6,2,6,1,1,7,0,0,0
BTC|BUSD|PSG,11,21,16,15,11,0,6,1,0,0,0,8
ARDR|BTC|USDT,12,33,8,1,7,4,6,5,2,1,2,7
BNB|ETH|SC,1,6,5,3,7,23,16,2,7,7,5,4
BNB|ETH|MFT,6,7,4,5,3,22,20,7,6,4,1,0
BTC|BUSD|CTSI,27,16,16,1,4,4,0,3,0,0,4,7
ATOM|BTC|USDC,0,27,5,7,16,8,5,3,10,0,1,0
BTC|EUR|TRX,5,15,4,13,1,3,11,10,2,9,5,4
BUSD|SLP|USDT,31,3,11,5,16,7,0,0,3,0,4,0
BTC|USDC|ZEC,6,7,6,9,22,3,4,2,7,3,4,7
BTC|ETH|ICX,1,1,1,0,1,1,3,2,0,0,2,67
ETH|FUN|USDT,13,19,8,3,6,4,5,2,7,3,2,7
BTC|BUSD|ROSE,11,9,1,6,10,8,6,19,3,5,0,1
ALPHA|BUSD|USDT,26,14,1,1,0,1,0,0,0,3,24,8
BTC|USDT|WING,9,19,9,3,12,2,4,3,6,4,1,5
BNB|EUR|XRP,1,0,68,8,0,0,0,0,0,0,0,0
BUSD|DIA|USDT,5,1,2,1,14,4,6,4,25,6,8,0
ADA|BTC|TUSD,19,27,9,0,7,1,0,0,1,0,9,2
BNB|BTC|RUNE,0,6,0,1,0,0,15,35,14,1,1,2
BTC|KMD|USDT,21,22,8,3,1,0,3,6,1,1,4,4
BUSD|USDT|YFII,0,0,0,0,1,0,0,0,49,24,0,0
BTC|REP|USDT,3,5,0,1,8,40,0,1,4,1,6,4
BTC|COTI|USDT,31,15,6,1,5,4,2,0,0,1,3,5
ETH|LINK|TUSD,11,15,10,10,12,8,2,2,2,1,0,0
BTC|TRX|TUSD,2,9,16,5,16,7,4,8,3,0,1,2
BNB|ICX|USDT,2,6,9,3,2,10,11,10,11,3,3,3
PAX|USDT|XRP,6,7,9,15,4,0,1,0,0,0,17,14
BTC|PAX|TRX,7,8,14,18,18,2,0,0,4,0,0,1
BNB|PERL|USDT,4,12,24,6,5,5,1,3,1,3,3,5
BUSD|FIO|USDT,4,5,1,12,38,4,2,0,1,1,1,2
BUSD|CKB|USDT,4,26,7,9,10,8,2,0,1,1,3,0
BTC|ETH|WAN,4,1,9,20,2,5,2,10,7,1,4,5
CVC|ETH|USDT,6,7,8,5,5,5,5,6,4,3,10,4
BNB|ENJ|ETH,4,13,16,0,2,14,1,3,2,7,2,2
BLZ|ETH|USDT,1,3,5,6,1,4,0,10,31,1,0,4
ETH|MTL|USDT,4,19,4,3,8,4,4,8,3,1,6,1
BTC|ETH|XEM,4,2,5,5,5,7,1,6,6,13,6,4
ETH|MFT|USDT,3,4,7,1,16,3,4,6,9,2,6,2
BNB|BTC|CTSI,31,5,2,1,2,1,0,6,2,0,8,5
BNB|USDT|WRX,10,19,17,1,6,0,2,2,3,1,0,2
BTC|MTL|USDT,1,15,3,1,1,2,0,13,5,4,11,6
BTC|BUSD|YFII,0,0,0,0,2,0,0,0,41,19,0,0
BTC|USDT|XEM,0,2,3,1,27,6,9,0,3,0,4,6
BTC|LSK|USDT,3,18,17,2,4,3,0,2,0,0,6,6
BUSD|USDT|WRX,1,2,5,0,3,25,11,12,0,0,1,1
BUSD|ETH|HOT,14,2,3,3,11,1,3,6,4,6,4,2
BNB|BTC|WRX,6,24,18,5,1,0,0,1,0,0,2,2
ETH|LINK|USDC,1,3,8,3,17,14,9,0,0,1,1,0
BUSD|TKO|USDT,0,0,0,0,25,8,2,1,1,18,2,0
BNB|ETH|XRP,0,0,43,4,1,3,3,2,1,0,0,0
BAND|BTC|USDT,4,3,13,0,1,3,3,0,11,13,6,0
EOS|TUSD|USDT,7,8,3,3,25,1,0,1,2,1,1,4
BTC|DCR|USDT,0,0,1,0,1,2,8,11,13,2,11,7
BEL|BTC|BUSD,0,7,5,7,2,3,1,0,23,3,3,1
BTC|RLC|USDT,5,5,6,0,3,0,9,0,0,0,17,10
BTC|ONG|USDT,4,6,6,7,7,5,2,1,6,1,5,5
BNB|BTC|CHR,20,7,3,0,0,5,2,3,0,2,2,11
BNB|TRY|XRP,0,0,45,10,0,0,0,0,0,0,0,0
BTT|BUSD|USDC,0,21,11,4,15,1,0,0,0,3,0,0
BTC|CVC|USDT,2,1,2,1,7,3,5,5,12,7,8,2
ENJ|ETH|USDT,1,7,6,5,7,0,2,11,6,4,1,4
BTC|USDT|WAN,0,2,5,0,2,0,0,6,9,6,15,9
BTC|FLM|USDT,1,6,0,0,35,7,0,1,0,0,1,2
BUSD|INJ|USDT,5,26,0,2,10,2,1,0,0,0,2,5
BTC|LTO|USDT,5,10,13,3,2,3,2,4,1,2,3,5
BNB|FET|USDT,1,2,3,1,4,9,8,16,1,4,0,2
BNB|GBP|XRP,0,3,41,7,0,0,0,0,0,0,0,0
USDC|USDT|WIN,15,4,0,0,1,2,0,6,6,1,7,9
BNB|CHZ|USDT,5,4,2,0,3,0,1,0,8,5,9,14
BTC|PNT|USDT,4,5,1,3,2,3,6,5,4,4,5,9
BNB|THETA|USDT,4,9,0,4,12,2,4,1,3,2,2,8
BNB|BTC|HBAR,13,5,1,0,1,2,3,1,5,5,10,5
BTC|NANO|USDT,4,2,4,9,2,0,0,0,2,3,10,15
TUSD|USDT|XRP,5,6,5,12,5,0,1,2,1,0,1,13
ETH|LTC|USDT,3,1,0,0,4,0,0,0,0,0,0,42
ADA|ETH|TUSD,15,17,4,1,5,0,1,0,2,0,3,1
BNB|ENJ|USDT,6,15,5,4,5,2,2,5,2,0,1,2
BUSD|SUPER|USDT,0,0,2,15,14,12,3,0,1,1,0,1
BNB|TUSD|USDT,2,14,9,7,1,0,3,2,6,4,0,1
BTC|TOMO|USDT,4,5,2,1,6,2,1,12,1,5,6,4
ALPHA|BTC|BUSD,12,10,1,0,0,1,0,0,0,3,17,5
ETH|KEY|USDT,4,3,1,1,11,3,2,3,4,3,8,5
BNB|BUSD|RUNE,1,6,0,1,1,0,9,19,10,1,0,0
BTC|FET|USDT,6,1,3,2,5,5,3,4,4,4,4,6
BTC|USDT|YFII,0,0,0,0,28,19,0,0,0,0,0,0
BTC|BUSD|DIA,1,0,0,0,5,3,0,4,29,2,3,0
BTC|PAX|XRP,3,5,4,7,2,1,1,1,0,0,11,12
BNB|BTC|FET,1,6,2,4,9,14,5,6,0,0,0,0
BTC|ENJ|USDT,1,7,6,2,8,0,3,7,6,4,2,0
BNB|HOT|USDT,2,7,13,3,5,1,3,4,2,0,2,4
BTC|BUSD|FIO,3,5,1,6,9,2,3,12,2,1,2,0
BUSD|DATA|ETH,6,9,12,5,8,2,1,0,0,0,1,2
BNB|CTSI|USDT,7,8,2,0,1,0,0,5,2,1,12,8
BUSD|USDT|XVS,14,6,1,0,8,1,3,1,0,0,7,4
BUSD|LRC|USDT,10,4,7,5,3,0,1,3,4,1,5,2
BTC|FIO|USDT,5,5,4,2,10,2,1,3,3,2,3,5
ETH|IOTX|USDT,8,10,3,2,4,0,2,2,2,1,3,8
BTC|CTXC|USDT,5,5,4,1,3,2,2,3,0,0,9,11
ETH|LSK|USDT,5,4,5,2,10,2,1,2,3,0,6,5
BNB|SAND|USDT,13,10,2,2,1,0,0,7,6,0,2,2
BTC|BUSD|KSM,0,0,0,0,0,0,0,0,26,4,15,0
BTC|BUSD|STRAX,2,3,5,5,15,1,3,1,4,1,4,0
BNB|BTT|USDC,0,14,3,2,18,4,0,0,0,0,0,3
BTC|BTG|USDT,1,0,0,9,30,1,1,0,0,2,0,0
BUSD|USDT|XVG,0,1,2,1,11,12,5,2,2,1,2,4
BNB|ONT|USDT,4,1,3,1,0,3,3,12,6,3,2,5
BNB|MBL|USDT,5,7,4,1,10,2,3,0,3,2,1,4
LTC|TUSD|USDT,7,7,7,5,7,0,1,0,1,0,6,1
BTC|ORN|USDT,6,2,1,0,4,6,2,2,1,3,6,9
BUSD|DGB|USDT,0,15,0,4,5,2,2,0,2,0,4,8
BUSD|KSM|USDT,0,0,0,0,0,0,0,0,18,5,18,1
BNB|BTC|FIL,0,0,0,0,4,7,8,2,6,12,2,0
BTC|ONT|USDT,20,15,2,0,0,1,0,0,0,0,0,3
BTC|GXS|USDT,7,5,7,3,1,3,2,3,3,2,3,2
BTC|STX|USDT,6,2,4,0,1,1,0,0,0,7,8,11
BTC|DOGE|GBP,0,2,23,14,0,0,0,1,0,0,0,0
BTC|PSG|USDT,14,6,1,0,6,4,4,0,0,0,0,5
ADA|USDC|USDT,5,4,11,2,6,0,0,1,5,2,1,3
ETH|LRC|USDT,2,4,0,0,0,5,10,12,3,0,4,0
BTC|USDT|WRX,7,10,4,0,7,4,2,1,1,2,0,1
BNB|CTK|USDT,1,5,0,4,2,3,1,2,4,10,6,1
AXS|BNB|USDT,8,7,6,1,2,1,1,0,0,0,7,6
AUDIO|BTC|BUSD,12,10,9,0,0,0,0,0,0,1,5,2
BUSD|USDT|YFI,0,0,0,0,0,0,0,27,12,0,0,0
BUSD|POND|USDT,0,0,6,9,21,3,0,0,0,0,0,0
BNB|BTC|COTI,3,11,6,3,1,2,3,2,3,2,1,2
BUSD|CTK|USDT,1,3,1,0,3,2,0,1,1,4,22,1
BTC|EOS|TUSD,7,2,4,3,20,0,0,1,1,0,1,0
BNB|ETH|THETA,4,6,4,1,11,6,2,2,0,1,1,1
BNB|BTC|ETC,6,3,1,3,0,7,3,9,4,0,2,1
BNB|COTI|USDT,5,8,5,1,6,5,3,1,3,0,0,1
BTC|BTCST|BUSD,2,11,8,2,6,3,4,1,0,0,0,1
AUDIO|BTC|USDT,8,11,2,0,0,0,0,0,0,2,9,6
BNB|MATIC|USDT,3,4,0,9,15,1,0,4,0,1,0,0
BNB|EOS|EUR,0,0,16,20,0,0,0,0,0,0,1,0
BUSD|USDC|ZEC,0,1,1,3,27,1,0,1,1,0,1,0
BTC|THETA|USDT,2,2,3,2,5,1,2,1,4,8,5,1
BTC|BUSD|NMR,1,0,0,0,2,2,0,31,0,0,0,0
BTC|EUR|LUNA,0,0,0,0,35,0,0,0,0,0,0,0
ETH|REP|USDT,1,2,4,1,1,12,2,1,1,0,6,4
BNB|MFT|USDT,0,1,6,2,6,4,2,1,6,1,4,2
BNB|BTC|TUSD,2,8,9,4,2,0,2,1,4,1,0,2
BNT|BTC|USDT,0,16,5,5,4,2,0,0,2,1,0,0
BNB|FIL|USDT,0,0,0,0,0,2,3,5,8,15,2,0
ATOM|BUSD|USDC,0,17,6,8,2,1,0,0,0,0,0,0
BNB|TRX|XRP,0,2,19,6,0,0,0,1,0,0,2,4
BTC|REN|USDT,1,2,3,1,0,2,1,0,9,12,2,1
BTC|TUSD|XRP,3,2,7,9,3,0,1,2,1,0,0,6
BNB|USDT|WTC,1,9,2,3,6,0,0,5,1,2,5,0
BAL|BTC|BUSD,0,0,0,0,0,0,0,32,1,0,0,0
BNB|BTC|LUNA,0,0,0,0,28,0,0,4,1,0,0,0
ETH|STMX|USDT,4,3,1,5,2,7,0,1,1,2,7,0
BTC|BUSD|HBAR,15,4,2,0,0,0,1,1,2,0,1,7
BLZ|BNB|USDT,4,2,0,3,1,1,0,4,15,0,2,1
BNB|HBAR|USDT,8,10,1,1,1,0,2,0,1,4,1,4
BUSD|NMR|USDT,3,1,0,0,2,5,0,14,6,0,1,1
BNB|BUSD|FIL,0,0,0,0,0,2,5,8,8,7,2,0
BTC|LUNA|USDT,0,0,0,0,31,0,0,1,0,0,0,0
BTC|ETH|NANO,4,3,3,2,2,2,3,3,0,0,6,4
BTC|ETH|LTC,2,0,0,0,0,0,0,0,0,0,0,30
BEL|BNB|BUSD,0,1,2,0,3,6,1,1,15,2,0,1
ADA|BNB|USDT,0,1,9,6,7,5,3,0,0,0,0,1
ETH|PAX|XRP,2,5,2,7,2,0,0,0,0,0,3,11
BTC|BUSD|INJ,1,19,1,0,2,1,1,0,0,0,1,6
BNB|BTC|SAND,9,4,0,3,0,0,0,6,5,1,2,2
BUSD|OMG|USDT,0,13,9,9,0,0,0,1,0,0,0,0
BNB|FTT|USDT,7,14,3,0,1,1,1,0,1,3,0,0
ETH|KMD|USDT,2,10,4,1,2,2,4,0,2,0,4,0
AR|BUSD|USDT,0,0,0,0,24,3,3,1,0,0,0,0
ETH|IOTA|USDT,11,1,0,0,1,0,2,5,4,0,1,6
BNB|USDT|ZIL,0,3,3,8,3,1,6,3,0,0,2,1
BUSD|LIT|USDT,0,8,12,0,6,4,0,0,0,0,0,0
BNT|ETH|USDT,2,2,1,0,3,3,5,2,9,2,1,0
BTC|BUSD|OCEAN,0,0,0,0,0,0,0,19,9,2,0,0
ETH|USDT|WAN,2,3,1,1,2,0,0,3,7,4,5,2
ETH|MANA|USDT,10,2,2,0,0,0,0,11,0,1,3,1
BNB|ETH|ZEN,2,0,2,3,6,9,2,0,2,0,3,0
BNB|BTC|DASH,2,4,4,8,5,0,2,1,1,0,0,2
TRX|USDC|WIN,4,7,6,4,2,0,0,0,0,1,5,0
ADA|BTC|USDC,3,4,8,4,4,0,0,1,0,3,0,1
AXS|BNB|BTC,3,3,8,2,0,1,1,0,0,0,7,3
LAZIO|TRY|USDT,0,2,0,0,22,0,0,2,0,0,2,0
BNB|ETC|USDT,3,1,0,2,1,4,2,9,2,2,1,1
BUSD|TWT|USDT,3,2,6,6,7,1,1,1,0,0,0,0
BNB|USDT|WAVES,5,4,2,3,3,0,0,1,1,2,4,2
BUSD|USDC|WIN,0,0,0,0,1,3,1,3,4,1,12,2
BTC|STRAX|USDT,8,9,3,1,1,0,0,0,0,1,4,0
BNB|DAI|USDT,0,0,0,0,0,0,0,27,0,0,0,0
BTC|LTC|USDT,0,0,0,0,3,0,0,0,0,0,0,24
BAND|BUSD|USDT,0,21,0,3,2,0,0,0,0,0,0,1
EUR|SXP|USDT,0,0,0,0,7,4,3,3,7,1,2,0
PAX|TRX|USDT,1,2,2,12,5,3,0,0,2,0,0,0
BUSD|LINA|USDT,0,0,0,0,0,23,3,0,0,0,0,0
BTC|OMG|USDT,0,0,2,4,0,3,3,8,5,1,0,0
BNB|FTM|USDT,1,6,1,0,4,4,5,1,1,0,1,2
BTC|BUSD|YFI,0,0,0,0,0,0,0,17,9,0,0,0
BTT|TRX|USDC,0,8,5,2,7,1,0,0,0,0,0,2
BNB|BTT|TUSD,0,7,3,3,11,0,0,0,1,0,0,0
BTC|BUSD|SAND,6,2,0,1,0,0,0,8,7,0,0,1
BTC|LTC|TUSD,6,1,2,5,6,0,0,0,1,0,4,0
ADA|BNB|TUSD,0,6,7,0,8,3,0,0,0,0,0,1
TRX|TUSD|USDT,2,4,5,3,6,0,0,0,0,0,3,2
BUSD|JST|USDT,0,0,0,0,1,0,0,17,6,1,0,0
BUSD|SAND|USDT,2,0,1,1,0,0,0,8,11,0,0,1
BNB|PAX|USDT,3,4,4,2,1,1,0,2,2,1,4,0
BNB|ONE|USDT,0,1,3,1,2,2,1,5,3,1,3,2
BNB|EOS|USDC,0,1,8,12,2,0,0,0,0,1,0,0
BNB|BUSD|WRX,3,7,6,3,1,0,1,0,1,1,1,0
BNB|ETH|TUSD,0,7,4,3,1,0,2,0,2,4,0,1
TRX|USDT|WIN,5,2,1,0,0,1,1,4,3,1,1,4
BTC|EUR|SXP,1,0,0,0,6,4,3,3,2,0,3,1
BTC|HIVE|USDT,3,1,1,1,4,3,2,6,0,0,2,0
ETH|NANO|USDT,1,1,3,2,1,1,2,1,0,1,3,7
ADA|BNB|BTC,0,0,6,4,7,3,0,2,0,0,0,1
BTC|ETH|ONT,1,0,15,4,0,1,1,1,0,0,0,0
BNB|IOTA|USDT,3,2,0,1,1,5,4,1,1,1,3,1
BUSD|OCEAN|USDT,0,0,2,0,0,0,0,6,11,3,1,0
BNB|RUNE|USDT,3,6,1,0,0,0,0,0,8,0,1,3
AXS|BNB|BUSD,1,6,5,2,0,2,1,0,0,0,4,1
BNB|EOS|TUSD,2,2,4,5,8,0,1,0,0,0,0,0
ETH|LINK|USDT,4,5,1,0,11,0,0,1,0,0,0,0
ETH|RLC|USDT,6,3,2,0,0,2,3,0,0,1,3,2
ETH|TUSD|XRP,4,2,4,7,3,0,1,0,0,0,0,1
BTC|BUSD|SOL,0,0,0,0,0,3,17,1,0,0,1,0
BNB|USDT|WIN,11,6,2,0,0,0,0,1,0,0,0,2
BNB|USDT|XVS,1,0,1,4,5,2,1,3,0,1,1,2
AR|BTC|USDT,0,0,0,0,18,2,1,0,0,0,0,0
ETH|USDC|ZEC,2,2,4,3,4,1,0,0,3,0,0,2
BNB|BTC|XTZ,1,3,1,0,2,0,1,0,5,0,7,1
BTC|EUR|YFI,0,0,0,0,19,0,0,0,1,0,1,0
BNB|BTC|ZEC,0,1,0,3,2,3,2,2,1,1,2,4
BNB|BTC|FTT,5,10,2,0,1,1,0,0,1,1,0,0
BAT|ETH|USDT,1,11,1,0,1,0,2,1,0,0,3,1
BUSD|EUR|GRT,0,8,0,1,4,1,0,0,1,3,3,0
ETH|GTO|USDT,1,3,1,6,2,3,3,1,0,1,0,0
TRX|USDT|XRP,0,0,0,0,1,0,0,1,0,0,2,17
AVA|BTC|USDT,9,2,3,0,3,0,1,0,0,0,1,2
BNB|BUSD|CTK,0,2,0,0,0,1,0,5,1,6,4,2
BTC|BTCST|USDT,3,3,2,0,6,2,2,2,0,0,0,1
BTC|EOS|USDC,1,1,6,1,11,0,0,0,0,0,0,0
BNB|TRY|USDT,0,0,11,1,0,0,0,4,3,0,1,0
EOS|USDC|USDT,1,1,7,1,10,0,0,0,0,0,0,0
BTC|RUB|XRP,2,0,4,1,3,1,0,1,4,2,2,0
ADA|ETH|USDC,2,2,7,2,4,0,0,0,1,0,1,1
EOS|ETH|TUSD,4,1,2,1,10,2,0,0,0,0,0,0
ETH|SLP|USDT,2,5,0,0,5,2,0,0,2,2,2,0
BUSD|TRX|XRP,0,0,3,0,0,0,0,0,0,0,1,16
BNB|BTC|CTK,3,0,0,0,4,3,0,0,2,4,2,2
BAND|BTC|BUSD,0,17,0,2,1,0,0,0,0,0,0,0
BTC|CTK|USDT,2,2,0,2,1,0,0,0,0,3,8,1
BTC|ETH|TRY,0,0,6,0,2,1,0,2,6,0,2,0
BNB|BTC|PAX,2,4,3,2,1,0,0,0,2,1,3,1
BTC|BUSD|WRX,1,3,2,1,3,2,4,0,1,0,1,1
EUR|USDT|YFI,0,0,0,0,18,0,0,0,1,0,0,0
BAT|BNB|USDT,1,3,7,6,0,1,0,0,0,1,0,0
BEL|BNB|BTC,1,1,1,3,2,2,0,1,6,2,0,0
BUSD|NANO|USDT,0,1,7,5,1,1,0,1,0,1,1,1
BTC|SKL|USDT,0,0,0,0,0,2,1,1,4,9,1,1
BEL|BNB|USDT,0,0,0,3,0,7,0,2,3,1,1,2
ETH|USDT|ZRX,6,2,2,1,5,0,0,2,0,0,1,0
BTC|USDT|YFI,0,0,0,0,0,0,0,19,0,0,0,0
BTC|BUSD|CTK,1,3,1,0,2,0,0,0,0,3,9,0
BLZ|BTC|USDT,5,3,1,0,1,0,0,2,3,0,1,2
BAKE|BUSD|USDT,0,0,0,0,3,3,8,0,3,0,0,1
BTC|DAI|ETH,0,0,0,0,0,0,0,18,0,0,0,0
BNT|BUSD|USDT,1,1,2,1,1,3,0,6,1,0,1,1
BUSD|EUR|YFI,0,0,0,0,16,1,0,1,0,0,0,0
BUSD|ETH|LRC,5,7,1,0,1,1,1,1,1,0,0,0
BTC|UNFI|USDT,2,3,4,0,4,0,1,0,2,0,1,1
BUSD|RUNE|USDT,0,0,0,0,0,0,0,0,16,2,0,0
BNB|EOS|TRY,0,0,0,18,0,0,0,0,0,0,0,0
BNB|USDT|XTZ,1,2,1,0,2,0,1,0,4,1,6,0
ETH|PAX|TRX,0,0,2,11,3,0,0,0,2,0,0,0
BNB|KAVA|USDT,2,4,2,0,2,0,1,2,0,1,3,1
BNB|BUSD|HBAR,8,7,0,0,1,1,0,0,0,0,0,1
ETH|GXS|USDT,4,1,2,1,0,0,0,4,1,1,0,4
BTC|BUSD|LRC,4,2,1,2,1,1,0,1,2,1,2,1
ETH|USDT|XVG,1,0,5,0,3,2,0,4,2,1,0,0
BNB|USDC|XRP,1,2,7,5,2,1,0,0,0,0,0,0
BUSD|SKL|USDT,2,7,1,0,5,0,0,0,0,0,0,2
BNB|CHR|USDT,3,4,2,0,2,1,1,1,1,0,0,2
BNB|BTC|XVS,1,1,2,1,5,1,0,2,0,2,1,1
ETH|TRY|USDT,0,0,3,1,3,0,0,3,4,0,3,0
BTC|BUSD|LIT,0,3,5,0,2,2,0,1,1,0,2,1
BUSD|ETH|XVG,2,0,0,4,6,4,0,1,0,0,0,0
BTC|USDT|UTK,3,1,0,0,2,1,0,0,0,6,0,4
BUSD|ETH|NANO,2,5,3,1,2,1,1,1,0,0,1,0
BNB|TUSD|XRP,0,2,6,4,2,0,0,0,1,0,0,2
AXS|BTC|USDT,2,3,0,0,0,0,0,0,0,0,11,1
TRX|USDC|USDT,2,1,6,4,3,0,0,0,1,0,0,0
RUB|USDT|XRP,1,0,2,1,4,0,0,2,5,1,1,0
ETH|LTC|TUSD,4,2,1,5,3,0,0,1,0,0,1,0
BUSD|DAI|ETH,0,0,0,0,0,0,0,17,0,0,0,0
ETH|QTUM|USDT,3,0,3,2,0,0,3,0,2,0,2,1
BNB|BUSD|SOL,2,1,0,2,0,0,7,3,1,0,0,0
BTC|LINK|USDT,6,4,0,2,4,0,0,0,0,0,0,0
BTC|NMR|USDT,1,2,0,0,0,2,0,8,1,0,1,1
BNB|BUSD|CTSI,3,2,4,2,2,1,1,1,0,0,0,0
BNB|BTC|DAI,0,0,0,0,0,0,0,16,0,0,0,0
BNB|USDT|ZEN,4,4,1,2,0,0,0,1,1,0,3,0
BNB|BTC|KAVA,1,5,2,0,2,0,1,1,1,2,0,1
ATOM|BNB|USDC,0,5,2,1,7,1,0,0,0,0,0,0
ADA|BNB|ETH,0,0,2,3,6,3,1,0,0,0,0,1
BTC|COMP|USDT,0,0,2,0,3,11,0,0,0,0,0,0
BRL|BTC|DOGE,0,1,5,9,0,0,0,0,0,0,0,0
EOS|ETH|USDC,0,0,6,1,7,0,0,0,0,0,0,1
BNB|BUSD|SAND,3,3,2,0,0,0,0,6,0,0,1,0
BTC|TRY|XRP,0,0,9,2,1,0,0,3,0,0,0,0
ETH|RUB|USDT,2,0,2,0,2,0,0,4,1,2,0,2
AR|BTC|BUSD,0,0,0,0,9,3,2,1,0,0,0,0
BTC|BUSD|OMG,0,5,4,6,0,0,0,0,0,0,0,0
BTC|BUSD|CRV,2,0,0,0,0,0,0,7,2,0,0,4
BTC|BUSD|ONT,1,5,6,3,0,0,0,0,0,0,0,0
BTC|BUSD|XVS,2,3,1,0,0,0,0,2,0,2,3,2
BNB|BTC|USDC,2,5,0,2,2,0,0,2,1,1,0,0
TRY|USDT|XRP,0,0,6,0,1,0,0,5,2,0,1,0
BRL|BUSD|WIN,0,0,0,0,2,6,5,2,0,0,0,0
AION|BNB|USDT,0,2,4,0,1,0,0,2,1,1,2,1
ETH|OMG|USDT,1,1,3,5,2,0,0,0,1,1,0,0
BTC|UAH|USDT,0,1,0,2,3,0,3,3,1,1,0,0
BUSD|ETH|IOTA,6,2,0,0,0,0,2,2,0,0,1,1
BUSD|ETH|KNC,3,2,0,0,4,2,1,0,0,1,1,0
BTC|USDT|ZEN,0,0,0,0,0,0,6,3,2,0,3,0
ETH|TRX|XRP,1,0,0,0,0,0,0,0,0,0,0,13
BUSD|EUR|WIN,0,0,0,0,0,11,0,1,0,0,2,0
BUSD|EUR|SXP,0,0,0,0,5,2,1,0,3,0,3,0
BNB|IOST|USDT,2,0,2,4,1,0,2,1,0,1,0,1
EUR|GRT|USDT,0,0,0,0,5,0,0,0,3,5,1,0
BNB|ETC|ETH,2,1,2,1,1,0,2,2,2,1,0,0
BNB|DASH|USDT,5,3,1,1,0,3,0,0,0,0,0,1
TRX|TRY|XRP,0,0,0,0,0,0,0,0,0,0,0,14
BTC|OGN|USDT,2,4,4,0,0,0,0,1,0,0,2,1
BNB|USDC|USDT,1,4,1,2,2,0,0,3,1,0,0,0
BTC|HARD|USDT,1,3,1,1,4,1,0,1,0,0,1,0
BUSD|ROSE|USDT,5,3,0,2,2,0,0,0,0,0,0,1
BTC|OCEAN|USDT,0,0,0,0,0,0,0,10,2,1,0,0
BUSD|ETH|MANA,2,2,4,0,1,0,0,3,0,0,1,0
ANT|BTC|BUSD,0,1,0,0,0,0,0,7,5,0,0,0
BTC|EUR|XRP,0,1,5,4,1,1,1,0,0,0,0,0
BNB|USDT|WAN,1,2,2,0,3,1,0,0,2,1,0,1
BNB|INJ|USDT,2,7,2,0,0,0,0,0,0,1,0,1
BTC|BUSD|NANO,0,0,7,3,0,0,0,0,0,1,0,2
BNB|STX|USDT,1,0,4,0,0,0,1,0,0,3,3,1
ANT|BUSD|USDT,0,2,1,0,1,0,0,6,3,0,0,0
ADA|BNB|USDC,0,0,4,2,5,1,1,0,0,0,0,0
BNB|SRM|USDT,7,1,0,0,0,1,0,2,1,0,1,0
BUSD|TLM|USDT,0,0,0,2,0,5,6,0,0,0,0,0
BTC|CRV|USDT,2,0,0,0,0,0,0,0,0,0,2,9
BNB|SC|USDT,1,4,2,1,0,3,0,1,0,0,1,0
ETH|USDT|ZIL,0,0,4,1,1,2,2,3,0,0,0,0
BUSD|EGLD|EUR,0,0,0,0,13,0,0,0,0,0,0,0
BNB|LTC|TUSD,1,0,4,1,4,0,0,0,3,0,0,0
BNB|BTC|STX,2,1,1,0,0,0,0,0,0,3,5,1
BUSD|FTM|USDT,0,0,0,0,0,11,2,0,0,0,0,0
BTC|BUSD|SKL,2,3,1,1,3,0,0,0,1,0,0,2
BNB|EUR|USDT,3,2,4,2,0,0,0,0,1,0,0,0
BUSD|MIR|USDT,0,0,0,0,7,0,0,0,0,0,4,1
BNB|ETH|USDC,0,3,2,3,1,0,1,1,0,0,1,0
BNT|BTC|BUSD,0,3,1,3,2,0,1,0,1,0,1,0
BNB|USDT|ZEC,0,0,0,2,3,2,3,2,0,0,0,0
ETH|ICX|USDT,0,0,2,1,0,2,0,0,1,4,0,2
ETH|KNC|USDT,2,2,0,0,1,1,0,0,1,1,1,3
BTC|RUNE|USDT,1,0,0,0,0,0,0,0,8,2,1,0
BNB|BUSD|XVS,0,1,0,2,3,0,1,2,1,1,0,1
BNB|BUSD|ENJ,2,5,2,0,1,0,0,1,0,1,0,0
ETH|USDT|ZEN,4,0,1,0,0,0,1,2,2,0,2,0
BTC|ETH|RUB,0,1,1,2,2,1,0,0,3,1,1,0
ARPA|BNB|USDT,0,2,1,4,0,1,2,0,0,0,2,0
ETH|SC|USDT,1,3,0,1,0,0,1,1,2,2,1,0
BNB|BUSD|WAVES,1,2,3,1,2,0,0,2,1,0,0,0
EUR|USDT|XRP,0,1,4,5,1,0,0,0,0,0,0,0
BNB|BTC|EUR,1,1,4,2,0,0,1,0,2,0,0,0
ETH|STORJ|USDT,0,0,0,0,0,0,0,7,1,0,2,1
BNB|DAI|ETH,0,0,0,0,0,0,0,11,0,0,0,0
BNB|ETH|PAX,2,3,1,2,1,0,0,1,0,0,1,0
BTC|BUSD|COMP,0,0,0,0,2,9,0,0,0,0,0,0
BNB|IDRT|USDT,2,0,0,5,1,2,0,0,1,0,0,0
BTC|RUB|USDT,0,1,6,0,1,0,0,2,0,1,0,0
BUSD|FTT|USDT,0,0,0,0,0,2,9,0,0,0,0,0
BUSD|ENJ|ETH,0,3,3,0,1,0,1,1,0,1,1,0
BUSD|RUB|USDT,4,0,5,0,0,0,1,1,0,0,0,0
BNB|BTC|SRM,2,1,0,0,1,1,0,1,0,1,4,0
BUSD|ETH|ZRX,5,3,2,0,0,0,1,0,0,0,0,0
BTC|LRC|USDT,0,0,0,0,0,6,2,3,0,0,0,0
BTC|BUSD|ENJ,0,1,4,2,3,0,0,0,0,0,0,0
BTC|ETH|EUR,0,0,6,4,0,0,0,0,0,0,0,0
ENJ|EUR|USDT,0,0,0,0,7,0,0,2,1,0,0,0
BNB|BUSD|ICX,1,1,3,1,0,1,1,1,1,0,0,0
BNB|BTC|TRY,0,0,6,0,0,0,0,2,2,0,0,0
BTC|TRY|USDT,0,0,7,2,0,1,0,0,0,0,0,0
BUSD|IOST|USDT,0,8,0,0,2,0,0,0,0,0,0,0
BTC|ICX|USDT,0,0,0,0,0,2,3,0,4,0,1,0
AAVE|BNB|USDT,4,0,1,0,0,0,0,0,0,2,0,3
BTC|KAVA|USDT,2,0,3,0,0,1,0,0,0,0,2,2
BTC|LIT|USDT,0,0,0,1,5,0,0,0,1,0,3,0
ETH|IOST|USDT,1,0,3,2,1,0,0,0,0,0,2,1
BNB|BUSD|XTZ,0,5,3,0,1,0,0,0,1,0,0,0
BNB|BTC|RUB,0,1,4,0,1,0,0,1,3,0,0,0
BNT|BUSD|ETH,0,4,1,0,1,1,0,2,1,0,0,0
BNB|BUSD|DASH,1,1,3,2,1,1,0,0,0,0,0,0
BNB|ETH|TRY,0,0,8,0,0,0,0,1,0,0,0,0
BUSD|SFP|USDT,0,0,1,0,4,0,1,1,2,0,0,0
BTC|ETH|WBTC,0,0,0,2,0,0,0,3,2,1,1,0
BTC|DIA|USDT,0,0,0,0,1,2,1,0,2,1,2,0
PAX|TRX|XRP,0,1,4,0,2,0,1,0,0,0,1,0
BTC|USDT|WAVES,5,1,1,0,2,0,0,0,0,0,0,0
BTC|USDC|XRP,0,1,3,0,5,0,0,0,0,0,0,0
BNB|BTC|EGLD,0,0,0,0,3,3,0,2,1,0,0,0
TRX|USDC|XRP,0,0,6,0,1,0,0,0,0,0,2,0
BTC|BUSD|RUB,1,0,4,0,1,0,0,3,0,0,0,0
BUSD|REEF|USDT,1,0,1,0,1,4,2,0,0,0,0,0
BNB|BTC|SOL,0,1,0,2,0,0,5,1,0,0,0,0
BCH|USDC|USDT,0,2,0,2,2,0,0,0,0,0,0,3
BNB|USDT|XLM,0,0,0,0,3,3,0,0,0,2,0,1
BUSD|TRX|WIN,0,0,0,0,0,5,1,0,1,0,1,1
BTC|FIL|USDT,0,0,0,0,0,7,2,0,0,0,0,0
BUSD|ENJ|USDT,1,0,4,3,1,0,0,0,0,0,0,0
ETH|USDT|WTC,6,0,0,0,0,1,0,2,0,0,0,0
BUSD|ICX|USDT,0,1,6,0,0,2,0,0,0,0,0,0
BCH|BNB|USDC,0,1,0,2,4,0,0,0,0,0,0,2
BTT|TRX|TUSD,1,3,1,1,2,0,0,0,0,0,0,1
BNB|BTC|INJ,0,6,0,0,1,0,0,0,0,0,1,1
BTC|BUSD|ICX,0,1,4,1,1,0,0,0,1,0,0,0
ETH|TRX|TUSD,0,2,0,2,0,3,0,1,0,0,0,0
ALGO|BTC|USDT,0,0,0,0,0,0,0,1,3,4,0,0
ALGO|BNB|BTC,0,0,2,4,0,0,0,0,1,0,1,0
BTC|BUSD|FIL,0,0,0,0,0,3,0,1,0,4,0,0
BNB|TRX|USDC,0,1,4,1,1,0,0,1,0,0,0,0
BNB|TRX|TUSD,0,2,3,1,1,0,0,0,0,0,0,1
BUSD|TOMO|USDT,0,0,2,0,2,0,2,2,0,0,0,0
BAL|BUSD|USDT,0,0,1,0,0,0,0,5,2,0,0,0
BNB|BUSD|SRM,2,1,0,0,0,1,0,3,0,0,1,0
BNB|LTC|USDC,1,0,3,0,3,0,0,0,1,0,0,0
BUSD|ENJ|EUR,0,0,0,1,6,0,0,1,0,0,0,0
BUSD|ETH|ICX,0,0,5,0,2,1,0,0,0,0,0,0
BCH|BTC|USDC,0,2,0,1,3,0,0,0,0,0,0,2
ETH|USDT|XMR,2,0,0,0,0,0,1,0,3,1,1,0
BCH|BUSD|USDC,0,1,0,1,2,0,0,0,0,0,0,4
EGLD|EUR|USDT,0,0,0,0,8,0,0,0,0,0,0,0
BTC|ICP|USDT,0,0,0,0,3,4,1,0,0,0,0,0
ETH|USDT|XEM,2,1,0,1,0,0,0,0,0,0,2,2
BNB|BUSD|ONE,1,2,1,1,0,0,1,0,0,0,1,1
BTC|INJ|USDT,1,0,0,0,0,0,0,0,0,0,3,4
BTC|QTUM|USDT,0,0,2,0,1,0,1,2,1,1,0,0
ETH|RUB|XRP,3,1,2,0,0,0,0,2,0,0,0,0
BNB|DASH|ETH,2,0,2,2,1,0,0,0,0,1,0,0
BTC|UMA|USDT,1,2,0,1,1,0,0,0,0,0,1,2
AAVE|BNB|ETH,1,2,0,0,1,0,0,0,0,1,1,1
BUSD|ONT|USDT,0,0,2,5,0,0,0,0,0,0,0,0
EUR|LUNA|USDT,0,0,0,0,7,0,0,0,0,0,0,0
BTC|BUSD|DAI,0,0,0,0,0,0,0,7,0,0,0,0
AAVE|BNB|BTC,4,0,0,0,0,0,0,0,0,1,1,1
ANT|BTC|USDT,0,0,0,0,0,0,0,6,1,0,0,0
BUSD|RSR|USDT,0,0,0,0,0,0,0,2,4,0,1,0
BUSD|ONE|USDT,4,2,0,0,0,0,0,0,0,0,0,1
ALPHA|BTC|USDT,1,0,0,0,1,0,0,0,0,4,1,0
BNB|BUSD|DOT,0,0,0,0,0,0,0,5,2,0,0,0
BNB|ETH|IOST,0,4,0,0,0,1,0,1,0,0,0,1
BNB|ETH|XMR,3,0,3,0,1,0,0,0,0,0,0,0
BTC|HNT|USDT,3,1,0,0,0,0,0,1,0,0,0,2
BRL|BUSD|USDT,5,1,0,0,0,0,0,0,0,0,0,1
BTC|SXP|TRY,3,0,0,0,1,0,0,0,0,0,2,1
BUSD|DOT|USDT,0,0,0,0,0,0,0,2,5,0,0,0
BTC|EUR|GRT,0,0,0,0,4,0,0,0,0,0,3,0
ATOM|BNB|BUSD,0,1,3,2,0,0,1,0,0,0,0,0
BTC|TUSD|USDT,1,1,0,0,5,0,0,0,0,0,0,0
ETH|TRX|USDC,1,1,4,0,1,0,0,0,0,0,0,0
ETH|USDT|VET,0,0,0,0,1,0,2,2,0,0,1,1
TRX|TUSD|XRP,1,0,1,2,3,0,0,0,0,0,0,0
USDC|USDT|XRP,0,1,3,0,2,0,0,0,0,0,0,0
BTC|USDT|XVS,2,2,0,0,0,0,0,0,0,0,1,1
BNB|BUSD|MATIC,1,4,0,0,0,0,0,0,0,0,1,0
BTC|MANA|USDT,0,0,0,0,0,0,0,5,0,0,0,1
BTC|LTC|USDC,0,1,1,1,3,0,0,0,0,0,0,0
LTC|USDC|USDT,0,3,2,0,1,0,0,0,0,0,0,0
ETH|USDT|WAVES,3,0,0,0,0,1,2,0,0,0,0,0
ETH|TRY|XRP,0,0,4,1,1,0,0,0,0,0,0,0
AUD|BNB|USDT,0,1,0,2,1,0,0,0,0,0,2,0
AUD|BNB|XRP,1,0,1,3,0,0,0,1,0,0,0,0
AUD|BTC|USDT,0,0,0,0,0,0,0,5,1,0,0,0
AVAX|BUSD|EUR,0,0,2,0,3,0,1,0,0,0,0,0
AVAX|BUSD|USDT,0,0,0,0,0,0,0,0,1,0,4,1
AXS|BTC|BUSD,0,2,3,0,0,0,0,0,0,0,1,0
BAT|BNB|BUSD,0,2,3,0,0,0,0,0,1,0,0,0
BAT|BUSD|USDT,0,0,5,1,0,0,0,0,0,0,0,0
BIDR|ETH|USDT,0,0,0,0,0,0,4,2,0,0,0,0
BUSD|TRY|XRP,0,1,2,0,1,0,0,2,0,0,0,0
BUSD|TRY|USDT,0,2,3,0,0,0,0,0,0,0,1,0
BNB|BTC|XMR,0,1,4,1,0,0,0,0,0,0,0,0
BNB|BTT|BUSD,0,2,4,0,0,0,0,0,0,0,0,0
BNB|BTT|TRX,0,2,1,0,0,0,0,0,2,0,0,1
BTC|EGLD|EUR,0,0,0,0,6,0,0,0,0,0,0,0
BUSD|RUB|XRP,1,0,1,0,1,0,0,2,0,0,1,0
BNB|BUSD|EUR,1,0,3,0,1,0,0,0,1,0,0,0
BNB|BUSD|INJ,0,2,0,0,2,0,0,0,0,0,0,2
BUSD|NEO|USDT,0,3,3,0,0,0,0,0,0,0,0,0
BNB|BUSD|SUSHI,0,0,0,1,0,0,0,0,5,0,0,0
BNB|EGLD|USDT,0,1,0,0,2,0,0,3,0,0,0,0
BNB|ETH|EUR,0,1,2,2,0,0,1,0,0,0,0,0
BNB|ETH|ZEC,1,0,1,0,2,1,0,0,0,0,0,1
BNB|EUR|SXP,0,0,0,0,4,1,0,0,0,0,1,0
BNB|PAX|XRP,0,0,1,1,2,0,1,0,0,0,0,1
BNB|RUB|USDT,0,0,2,2,0,0,0,0,1,1,0,0
BUSD|CRV|USDT,0,0,0,0,0,0,0,3,3,0,0,0
BTC|SOL|TRY,0,0,0,0,0,6,0,0,0,0,0,0
BTS|ETH|USDT,0,3,2,1,0,0,0,0,0,0,0,0
BTC|STORJ|USDT,0,0,0,0,0,0,4,1,1,0,0,0
BRL|BTC|ETH,0,0,0,0,0,0,0,0,0,0,3,3
BTC|BUSD|KNC,0,0,0,0,0,4,2,0,0,0,0,0
BTC|MATIC|TRY,0,0,0,0,0,5,0,0,0,0,0,0
BTC|EUR|USDT,0,0,2,3,0,0,0,0,0,0,0,0
BUSD|ETH|OMG,0,0,0,5,0,0,0,0,0,0,0,0
BNB|BUSD|ZEC,0,0,5,0,0,0,0,0,0,0,0,0
AAVE|BTC|ETH,0,0,0,0,0,0,0,0,0,4,1,0
BNB|BUSD|TRY,0,1,1,0,0,0,0,3,0,0,0,0
BNB|BUSD|TRX,0,0,5,0,0,0,0,0,0,0,0,0
BNB|BUSD|SXP,0,0,0,0,0,0,0,4,0,1,0,0
BTC|BUSD|MANA,1,0,0,0,0,0,1,3,0,0,0,0
BTC|BUSD|LUNA,0,0,0,0,0,0,0,5,0,0,0,0
SOL|TRY|USDT,0,0,0,0,0,5,0,0,0,0,0,0
BUSD|KNC|USDT,0,0,0,0,0,3,1,0,0,0,1,0
BNB|BUSD|RVN,2,1,1,1,0,0,0,0,0,0,0,0
BUSD|NEAR|USDT,0,2,0,0,0,0,1,1,0,1,0,0
EUR|TRX|WIN,0,0,0,0,3,0,0,0,0,1,1,0
BNB|BUSD|IOST,0,2,1,0,2,0,0,0,0,0,0,0
ALGO|BNB|BUSD,0,0,4,1,0,0,0,0,0,0,0,0
BTC|BUSD|FTM,0,0,0,0,0,3,2,0,0,0,0,0
BNB|BUSD|ETH,0,0,5,0,0,0,0,0,0,0,0,0
BTC|BUSD|DOT,0,0,0,0,0,0,0,1,4,0,0,0
BNB|BUSD|ETC,2,1,1,0,0,0,1,0,0,0,0,0
ETH|USDC|XRP,0,1,1,0,3,0,0,0,0,0,0,0
BTC|ETH|TUSD,1,0,0,1,3,0,0,0,0,0,0,0
DASH|ETH|USDT,3,0,0,0,1,0,0,0,1,0,0,0
AUD|BNB|BTC,0,1,0,2,0,0,0,0,1,0,1,0
BTC|IDEX|USDT,0,0,1,0,3,0,0,0,0,1,0,0
BNB|RVN|USDT,0,2,0,0,1,0,0,0,0,1,1,0
AUD|BTC|DOGE,0,0,4,0,0,0,0,1,0,0,0,0
BEL|BTC|USDT,1,0,1,0,0,0,0,0,1,0,2,0
BUSD|DAI|USDT,0,0,0,0,0,0,0,2,0,0,0,3
BUSD|COMP|USDT,0,0,0,0,0,3,2,0,0,0,0,0
BRL|BUSD|DOT,0,0,0,1,1,0,0,0,3,0,0,0
BCH|BNB|USDT,2,0,0,1,0,0,0,0,0,0,2,0
AUD|USDT|XRP,2,0,0,0,0,0,0,3,0,0,0,0
ETH|EUR|USDT,0,0,3,2,0,0,0,0,0,0,0,0
AVAX|BNB|BUSD,0,2,0,0,0,0,0,0,1,2,0,0
BNB|USDC|ZEC,0,1,2,0,1,0,0,0,1,0,0,0
BRL|BTC|USDT,1,0,0,0,0,0,0,0,0,1,3,0
BTC|BUSD|TOMO,0,1,1,0,1,0,1,0,0,1,0,0
ETH|LTC|USDC,0,1,2,1,1,0,0,0,0,0,0,0
BTC|BUSD|TRY,0,1,2,1,0,0,0,0,0,0,1,0
BAL|BTC|USDT,0,0,0,0,0,0,0,4,1,0,0,0
AXS|BUSD|USDT,0,2,0,0,0,1,0,0,0,0,2,0
BUSD|ETH|RUB,0,1,1,0,1,0,0,2,0,0,0,0
BRL|BTC|BUSD,3,0,0,0,0,0,0,0,0,0,0,1
BNB|USDT|XMR,0,0,2,0,0,0,0,0,1,0,1,0
AVAX|BNB|USDT,0,0,0,0,0,0,0,0,3,0,1,0
BTC|USDT|XTZ,0,0,0,0,0,0,0,0,4,0,0,0
BAT|BUSD|ETH,0,2,1,0,0,0,1,0,0,0,0,0
BTC|OXT|USDT,0,2,0,0,0,0,0,0,1,1,0,0
BNB|TRX|USDT,0,0,0,0,0,0,0,0,0,4,0,0
ETH|GBP|LINK,1,1,0,1,1,0,0,0,0,0,0,0
BCH|BNB|BTC,1,0,0,1,0,0,0,0,0,0,2,0
AVAX|BNB|BTC,0,1,0,0,0,0,0,0,3,0,0,0
AUD|BUSD|XRP,1,0,0,0,0,0,0,2,0,0,1,0
AUD|BUSD|ETH,1,0,0,0,0,0,1,1,0,0,1,0
EOS|EUR|USDT,0,0,0,0,1,0,0,2,0,0,1,0
BNB|SUSHI|USDT,0,0,0,0,0,0,0,0,2,2,0,0
BCH|BTC|BUSD,1,1,2,0,0,0,0,0,0,0,0,0
BCH|BUSD|EUR,0,0,0,1,3,0,0,0,0,0,0,0
AUD|BTC|XRP,2,0,0,0,0,0,0,2,0,0,0,0
BCH|BUSD|USDT,0,1,3,0,0,0,0,0,0,0,0,0
AUD|BTC|ETH,2,0,0,0,0,0,0,1,0,0,1,0
BRL|DOT|USDT,0,0,0,1,1,0,0,0,2,0,0,0
ATOM|BUSD|USDT,0,0,4,0,0,0,0,0,0,0,0,0
BNB|RUB|XRP,0,1,1,1,0,0,0,0,0,0,1,0
ETH|TUSD|USDT,0,0,0,0,3,0,0,1,0,0,0,0
BUSD|USDT|VET,0,0,4,0,0,0,0,0,0,0,0,0
BNB|PAX|TRX,0,1,0,0,2,0,0,0,0,0,1,0
BNB|BRL|XRP,0,0,4,0,0,0,0,0,0,0,0,0
BNB|BTC|SUSHI,0,0,0,0,0,0,0,0,3,1,0,0
BUSD|SXP|USDT,0,0,0,0,0,0,3,1,0,0,0,0
BUSD|SXP|TRY,0,0,0,0,4,0,0,0,0,0,0,0
BUSD|SNX|USDT,0,0,0,0,0,0,3,1,0,0,0,0
BTC|BUSD|SUSHI,0,0,0,0,0,0,0,0,3,0,1,0
AAVE|BNB|BUSD,1,1,1,0,0,0,0,0,0,1,0,0
ALGO|BUSD|USDT,0,0,4,0,0,0,0,0,0,0,0,0
BTC|KSM|USDT,0,0,0,0,0,0,0,0,4,0,0,0
BUSD|QTUM|USDT,1,1,1,1,0,0,0,0,0,0,0,0
BTC|BUSD|GRT,0,4,0,0,0,0,0,0,0,0,0,0
BNB|BUSD|LTC,0,0,4,0,0,0,0,0,0,0,0,0
BUSD|EOS|EUR,0,0,0,0,1,0,0,2,0,0,1,0
BNB|BUSD|LUNA,0,0,0,0,0,0,0,4,0,0,0,0
BTC|BUSD|ICP,0,0,0,0,2,2,0,0,0,0,0,0
BUSD|MATIC|TRY,0,0,0,0,0,3,0,1,0,0,0,0
BNB|BUSD|NEO,0,0,4,0,0,0,0,0,0,0,0,0
HOT|TRY|USDT,0,0,0,2,0,0,0,2,0,0,0,0
MATIC|TRY|USDT,0,0,0,0,0,3,0,1,0,0,0,0
SXP|TRY|USDT,0,0,0,0,3,0,0,0,0,0,1,0
ADA|BNB|BUSD,0,1,3,0,0,0,0,0,0,0,0,0
AAVE|ETH|USDT,0,0,0,0,0,0,0,0,0,3,1,0
BNB|BUSD|XLM,1,1,2,0,0,0,0,0,0,0,0,0
BUSD|FIL|USDT,0,0,0,0,0,0,0,0,0,4,0,0
BNB|BUSD|XMR,0,0,4,0,0,0,0,0,0,0,0,0
BUSD|EUR|XRP,0,0,1,1,2,0,0,0,0,0,0,0
BNB|ETH|RUB,0,0,4,0,0,0,0,0,0,0,0,0
BTC|ENJ|EUR,0,0,0,0,2,0,0,1,1,0,0,0
BNB|CHZ|TRY,1,3,0,0,0,0,0,0,0,0,0,0
BNB|DOT|USDT,0,0,0,0,0,0,0,4,0,0,0,0
BNB|ENJ|EUR,0,0,0,0,4,0,0,0,0,0,0,0
BUSD|ETH|WAVES,1,1,1,0,0,0,0,0,0,0,1,0
BUSD|ETH|TRY,0,0,0,0,2,0,0,2,0,0,0,0
1INCH|BUSD|USDT,0,4,0,0,0,0,0,0,0,0,0,0
BNB|EGLD|EUR,0,0,0,0,3,0,0,0,1,0,0,0
BUSD|ETH|QTUM,1,0,1,2,0,0,0,0,0,0,0,0
BNB|BUSD|CELR,0,0,0,0,0,3,0,0,0,0,0,0
1INCH|BTC|BUSD,0,2,0,1,0,0,0,0,0,0,0,0
ADA|AUD|BTC,0,0,1,0,0,0,0,2,0,0,0,0
BTC|BUSD|SNX,0,0,0,0,0,0,3,0,0,0,0,0
BTC|BUSD|NEAR,0,0,0,0,0,0,0,1,0,1,0,1
ADA|BRL|BUSD,0,0,0,0,0,0,0,3,0,0,0,0
ADA|BRL|USDT,0,0,0,0,0,0,0,3,0,0,0,0
ADA|BTC|GBP,0,0,0,0,0,0,0,3,0,0,0,0
BTC|BUSD|SXP,0,0,0,0,0,0,3,0,0,0,0,0
ADA|BUSD|GBP,0,0,0,0,0,0,0,3,0,0,0,0
ADA|BUSD|TRY,0,0,0,0,0,0,0,3,0,0,0,0
ADA|ETH|GBP,0,0,0,0,0,1,0,2,0,0,0,0
ADA|GBP|USDT,0,0,0,0,0,0,0,3,0,0,0,0
ETH|USDT|ZEC,0,0,1,0,2,0,0,0,0,0,0,0
ADA|TRY|USDT,0,0,0,0,0,0,0,3,0,0,0,0
ALGO|BNB|USDT,0,1,0,1,0,0,0,0,1,0,0,0
BNB|BUSD|ZIL,0,0,0,0,1,0,0,0,0,0,2,0
ALGO|BTC|BUSD,0,1,2,0,0,0,0,0,0,0,0,0
ALICE|BUSD|USDT,0,0,1,1,1,0,0,0,0,0,0,0
BUSD|ETH|LINK,0,1,2,0,0,0,0,0,0,0,0,0
BUSD|EUR|XLM,0,0,0,0,2,0,0,1,0,0,0,0
ATOM|BNB|BTC,0,0,0,1,1,0,1,0,0,0,0,0
ATOM|BNB|USDT,0,0,1,0,1,0,1,0,0,0,0,0
BUSD|ETH|IOST,0,0,0,2,0,0,1,0,0,0,0,0
BRL|LINK|USDT,0,0,0,0,1,0,0,1,0,0,1,0
AUD|BNB|BUSD,0,1,0,0,0,0,0,1,0,0,1,0
BTC|IOTA|USDT,0,1,0,0,2,0,0,0,0,0,0,0
BRL|BUSD|LINK,0,0,0,0,0,0,0,2,0,0,1,0
ETH|ONT|USDT,0,0,1,0,1,1,0,0,0,0,0,0
AUD|BUSD|USDT,0,0,0,0,0,0,0,3,0,0,0,0
BUSD|GRT|USDT,0,3,0,0,0,0,0,0,0,0,0,0
BRL|BUSD|DOGE,0,1,0,0,0,0,0,2,0,0,0,0
AUD|DOGE|USDT,0,0,1,0,1,0,0,1,0,0,0,0
BUSD|HOT|TRY,0,0,0,2,0,0,0,1,0,0,0,0
AUD|ETH|USDT,0,0,0,0,0,0,0,2,0,0,1,0
BTC|USDT|XLM,0,0,0,0,1,2,0,0,0,0,0,0
BUSD|ETH|GRT,0,3,0,0,0,0,0,0,0,0,0,0
BTC|USDT|XRP,0,0,0,0,3,0,0,0,0,0,0,0
BRL|BTC|LINK,1,0,0,0,1,0,0,0,0,0,1,0
AVAX|BTC|BUSD,0,0,0,0,0,0,0,0,0,1,2,0
BUSD|ETH|EUR,0,0,2,0,1,0,0,0,0,0,0,0
BTC|SRM|USDT,0,0,0,0,0,0,0,0,0,0,3,0
BTT|BUSD|TRX,0,0,1,1,0,0,0,0,0,0,1,0
BAT|BTC|BUSD,0,0,3,0,0,0,0,0,0,0,0,0
BUSD|LINK|USDT,1,2,0,0,0,0,0,0,0,0,0,0
ETH|EUR|XRP,0,0,2,1,0,0,0,0,0,0,0,0
BNB|SOL|TRY,0,0,0,0,0,3,0,0,0,0,0,0
ENJ|ETH|EUR,0,0,0,0,2,0,0,1,0,0,0,0
BUSD|DASH|USDT,0,0,3,0,0,0,0,0,0,0,0,0
BNB|RVN|TRY,0,0,0,2,1,0,0,0,0,0,0,0
BUSD|MANA|USDT,0,1,1,0,0,0,0,1,0,0,0,0
BUSD|USDT|ZEC,0,0,3,0,0,0,0,0,0,0,0,0
BUSD|MATIC|USDT,3,0,0,0,0,0,0,0,0,0,0,0
BNB|BUSD|NEAR,0,0,1,0,0,0,0,1,0,1,0,0
BUSD|USDT|XMR,0,0,3,0,0,0,0,0,0,0,0,0
BUSD|USDT|XLM,0,0,1,1,0,0,0,0,0,0,1,0
BUSD|EOS|USDC,0,0,0,0,3,0,0,0,0,0,0,0
BUSD|UNI|USDT,0,0,0,0,0,1,0,0,2,0,0,0
BNB|BTC|BUSD,0,0,3,0,0,0,0,0,0,0,0,0
BUSD|SUSHI|USDT,0,0,0,0,0,0,0,0,3,0,0,0
BUSD|SRM|USDT,0,0,0,0,0,0,0,2,0,0,1,0
BTC|BUSD|WAVES,0,1,2,0,0,0,0,0,0,0,0,0
BUSD|SOL|TRY,0,0,0,0,0,3,0,0,0,0,0,0
BNB|BUSD|DAI,0,0,0,0,0,0,0,3,0,0,0,0
BUSD|RVN|TRY,0,0,0,0,1,1,0,0,0,0,1,0
BNB|BUSD|FTM,0,0,0,0,0,2,0,1,0,0,0,0
BUSD|DASH|ETH,1,0,1,0,0,0,0,0,0,0,0,0
ETC|ETH|USDT,0,0,1,0,0,1,0,0,0,0,0,0
TRY|USDT|XLM,0,0,0,0,0,0,0,2,0,0,0,0
BNB|MATIC|TRY,0,0,0,0,0,2,0,0,0,0,0,0
TRY|USDT|VET,0,0,0,0,0,0,0,2,0,0,0,0
BNB|BUSD|EGLD,0,0,0,0,2,0,0,0,0,0,0,0
AAVE|BUSD|ETH,0,0,0,0,0,0,0,0,0,0,2,0
BUSD|RVN|USDT,0,0,2,0,0,0,0,0,0,0,0,0
BNB|BUSD|HOT,0,0,0,1,0,0,0,0,0,0,0,1
BTC|BUSD|NEO,0,1,1,0,0,0,0,0,0,0,0,0
BUSD|DOT|TRY,0,0,0,0,0,0,0,2,0,0,0,0
BNB|BTT|USDT,0,1,0,0,0,0,0,1,0,0,0,0
BUSD|DOT|EUR,0,0,0,0,0,0,0,1,0,0,1,0
BTC|CELO|USDT,0,2,0,0,0,0,0,0,0,0,0,0
BCH|EUR|USDT,0,0,0,0,2,0,0,0,0,0,0,0
BNB|BUSD|IOTA,0,0,0,0,1,0,0,0,0,0,1,0
BTC|EOS|EUR,0,0,0,0,0,0,0,1,0,0,1,0
ADA|AUD|BUSD,0,0,0,0,0,0,0,2,0,0,0,0
ADA|AUD|USDT,0,0,0,0,0,0,0,2,0,0,0,0
BUSD|ETH|USDT,0,0,1,0,0,0,0,0,0,1,0,0
BTC|BUSD|LTC,0,0,2,0,0,0,0,0,0,0,0,0
ADA|BRL|BTC,0,0,0,0,0,0,0,2,0,0,0,0
ADA|BRL|ETH,0,0,0,0,0,0,0,2,0,0,0,0
BUSD|ETH|XRP,0,0,2,0,0,0,0,0,0,0,0,0
BNB|BTC|NEAR,0,0,0,0,0,1,0,1,0,0,0,0
ADA|BTC|TRY,0,0,0,0,0,0,0,2,0,0,0,0
BUSD|ETH|LTC,0,0,2,0,0,0,0,0,0,0,0,0
BNB|BTC|GBP,0,0,0,0,0,2,0,0,0,0,0,0
GBP|USDT|XRP,0,0,0,0,0,0,0,2,0,0,0,0
BTC|ETH|GBP,0,0,0,0,0,2,0,0,0,0,0,0
BUSD|TRY|VET,0,0,0,0,0,0,0,2,0,0,0,0
GBP|LINK|USDT,0,1,0,0,1,0,0,0,0,0,0,0
EUR|TRX|XRP,0,0,0,0,0,0,0,0,0,0,0,2
BUSD|EOS|TRY,0,0,0,0,0,0,0,2,0,0,0,0
EUR|LINK|USDT,1,0,0,0,0,0,0,1,0,0,0,0
BUSD|EUR|LINK,1,0,0,0,0,0,0,1,0,0,0,0
ETH|USDT|XRP,0,0,0,0,1,0,0,1,0,0,0,0
BTC|BUSD|FTT,0,0,0,0,0,0,2,0,0,0,0,0
ETH|USDT|XLM,0,0,0,0,0,0,0,0,1,0,0,1
BUSD|USDT|WAVES,0,0,2,0,0,0,0,0,0,0,0,0
BNB|BRL|DOT,0,0,0,0,1,0,0,0,1,0,0,0
BNB|BRL|BTC,0,0,0,0,0,0,0,0,0,0,2,0
BUSD|EUR|LUNA,0,0,0,0,2,0,0,0,0,0,0,0
BTC|BUSD|EUR,0,0,1,0,0,0,1,0,0,0,0,0
BTC|BUSD|DASH,0,0,2,0,0,0,0,0,0,0,0,0
ALICE|BTC|BUSD,0,0,2,0,0,0,0,0,0,0,0,0
ARPA|BNB|TRY,0,0,0,0,0,0,1,0,0,1,0,0
BNB|ETH|TRX,0,0,0,0,0,0,0,0,0,2,0,0
ATOM|BTC|BUSD,0,0,2,0,0,0,0,0,0,0,0,0
BRL|ETH|USDT,0,0,0,0,0,0,0,1,0,0,0,1
BNB|BUSD|VET,0,0,2,0,0,0,0,0,0,0,0,0
AUD|BNB|ETH,0,1,0,0,0,0,0,1,0,0,0,0
BNB|BUSD|USDT,0,0,2,0,0,0,0,0,0,0,0,0
BTC|GBP|XRP,0,0,0,0,0,0,0,2,0,0,0,0
BUSD|LUNA|USDT,0,0,0,0,0,0,0,2,0,0,0,0
BUSD|GBP|LINK,0,1,0,0,1,0,0,0,0,0,0,0
BUSD|LTC|USDT,0,0,2,0,0,0,0,0,0,0,0,0
DOGE|EUR|USDT,0,0,0,0,0,0,0,2,0,0,0,0
AUD|BUSD|DOGE,0,0,0,0,1,0,0,1,0,0,0,0
BUSD|GBP|XRP,0,0,0,0,0,0,0,2,0,0,0,0
DOT|EUR|USDT,0,0,0,0,0,0,0,1,0,0,1,0
DOT|TRY|USDT,0,0,0,0,0,0,0,2,0,0,0,0
BTC|BUSD|SRM,0,0,0,0,1,0,0,1,0,0,0,0
BNB|BUSD|USDC,0,1,0,1,0,0,0,0,0,0,0,0
BUSD|HOT|USDT,0,0,0,1,0,0,0,1,0,0,0,0
AUD|ETH|XRP,1,0,0,0,0,0,0,1,0,0,0,0
BUSD|IOTX|USDT,0,0,0,0,0,0,2,0,0,0,0,0
ETH|LTC|RUB,1,0,0,0,0,0,0,0,0,0,0,1
BRL|BTC|DOT,0,0,0,0,1,0,0,0,1,0,0,0
BNB|BUSD|RUB,0,1,1,0,0,0,0,0,0,0,0,0
EOS|TRY|USDT,0,0,0,0,0,0,0,2,0,0,0,0
BTT|TRX|USDT,0,0,1,0,0,0,0,0,0,0,1,0
BNB|BUSD|ONT,0,0,2,0,0,0,0,0,0,0,0,0
ETH|EUR|GRT,0,0,0,0,0,0,0,0,0,1,1,0
AVAX|BTC|EUR,0,0,0,0,1,0,0,0,0,0,0,0
BTC|CHZ|EUR,0,0,0,0,1,0,0,0,0,0,0,0
BUSD|CHZ|EUR,0,0,0,0,1,0,0,0,0,0,0,0
ETH|EUR|XLM,0,0,0,0,0,0,0,1,0,0,0,0
BCH|BNB|BUSD,0,0,1,0,0,0,0,0,0,0,0,0
BNB|SXP|USDT,0,0,0,0,1,0,0,0,0,0,0,0
BNB|TRX|TRY,0,0,0,0,1,0,0,0,0,0,0,0
ETH|GBP|XRP,0,0,0,0,0,0,0,1,0,0,0,0
ETH|GRT|USDT,1,0,0,0,0,0,0,0,0,0,0,0
BNB|SXP|TRY,0,1,0,0,0,0,0,0,0,0,0,0
BNB|TRY|VET,0,0,0,0,0,0,0,1,0,0,0,0
BUSD|LINK|TRY,0,0,0,0,0,0,0,1,0,0,0,0
BTC|EUR|LINK,0,0,0,0,0,0,0,1,0,0,0,0
BTT|BUSD|USDT,0,0,1,0,0,0,0,0,0,0,0,0
BAKE|BNB|USDT,0,0,0,0,0,0,0,0,0,0,0,1
BAKE|BNB|BUSD,0,0,0,0,0,1,0,0,0,0,0,0
BTC|SNX|USDT,0,0,0,0,0,0,1,0,0,0,0,0
BUSD|ETC|USDT,0,0,1,0,0,0,0,0,0,0,0,0
AVAX|TRY|USDT,0,0,0,0,0,0,0,0,0,0,0,1
AVAX|EUR|USDT,0,0,0,0,1,0,0,0,0,0,0,0
BTC|EUR|XLM,0,0,0,0,0,0,0,1,0,0,0,0
BTC|GBP|LINK,0,0,0,0,1,0,0,0,0,0,0,0
BNB|HOT|TRY,0,0,0,0,0,0,0,0,0,0,0,1
BTC|BUSD|ZEC,0,0,1,0,0,0,0,0,0,0,0,0
BNB|SOL|USDT,0,1,0,0,0,0,0,0,0,0,0,0
BCH|BTC|EUR,0,0,0,0,1,0,0,0,0,0,0,0
AVAX|BNB|TRY,0,0,0,1,0,0,0,0,0,0,0,0
EOS|ETH|EUR,0,0,0,0,0,0,0,0,0,0,1,0
BUSD|ETH|GBP,0,0,0,0,0,1,0,0,0,0,0,0
BTC|USDT|XMR,0,0,1,0,0,0,0,0,0,0,0,0
BNB|EUR|LUNA,0,0,0,0,1,0,0,0,0,0,0,0
BUSD|ETC|ETH,0,1,0,0,0,0,0,0,0,0,0,0
BUSD|ETH|ONT,0,0,0,0,1,0,0,0,0,0,0,0
BUSD|HBAR|USDT,0,0,0,0,0,0,0,0,1,0,0,0
BUSD|LTC|RUB,0,0,0,0,0,0,0,1,0,0,0,0
DOGE|TRY|USDT,0,0,0,0,0,0,0,1,0,0,0,0
BRL|BUSD|ETH,0,0,0,0,0,0,0,1,0,0,0,0
BUSD|GBP|USDT,0,0,0,0,0,0,1,0,0,0,0,0
DOGE|GBP|USDT,0,0,0,0,0,0,0,1,0,0,0,0
ETH|PAX|USDT,0,0,1,0,0,0,0,0,0,0,0,0
BIDR|BNB|BTC,0,0,0,0,0,1,0,0,0,0,0,0
BIDR|BNB|ETH,0,0,0,0,0,0,0,1,0,0,0,0
BRL|BUSD|XRP,0,0,0,0,0,0,0,1,0,0,0,0
BRL|DOGE|USDT,0,0,0,0,0,0,0,1,0,0,0,0
AUD|BTC|BUSD,0,0,0,0,0,0,1,0,0,0,0,0
BRL|ETH|LINK,0,0,0,0,0,0,0,0,0,0,1,0
BIDR|BTC|DOT,0,0,0,0,0,0,0,1,0,0,0,0
CHZ|TRY|USDT,1,0,0,0,0,0,0,0,0,0,0,0
CHZ|EUR|USDT,0,0,0,0,1,0,0,0,0,0,0,0
BUSD|EOS|USDT,0,0,1,0,0,0,0,0,0,0,0,0
BTC|BUSD|XLM,0,0,1,0,0,0,0,0,0,0,0,0
BIDR|BUSD|DOT,0,0,0,0,0,0,0,1,0,0,0,0
BIDR|BUSD|ETH,0,0,0,0,0,0,1,0,0,0,0,0
BUSD|ETH|IOTX,0,0,0,0,0,0,1,0,0,0,0,0
ARPA|TRY|USDT,0,0,0,0,0,0,0,0,1,0,0,0
ETH|TRY|VET,0,0,0,0,0,0,0,1,0,0,0,0
BTC|KNC|USDT,0,0,0,0,0,1,0,0,0,0,0,0
BRL|USDT|XRP,0,0,0,0,0,0,0,1,0,0,0,0
BIDR|DOT|USDT,0,0,0,0,0,0,0,1,0,0,0,0
BTC|UNI|USDT,0,0,0,0,0,0,0,0,1,0,0,0
BUSD|EUR|VET,0,0,0,0,0,0,0,1,0,0,0,0
BTC|BUSD|UNI,0,0,0,0,0,0,0,0,1,0,0,0
BUSD|USDT|XRP,0,0,1,0,0,0,0,0,0,0,0,0
BUSD|MKR|USDT,0,0,0,0,0,0,1,0,0,0,0,0
BUSD|EUR|TRX,0,0,0,0,1,0,0,0,0,0,0,0
BTC|BUSD|ZRX,0,0,0,0,0,0,0,0,0,0,0,1
BTC|BUSD|USDT,0,0,1,0,0,0,0,0,0,0,0,0
BNB|BRL|ETH,0,0,0,0,0,0,0,0,0,0,0,1
BNB|BRL|LTC,0,0,0,1,0,0,0,0,0,0,0,0
BUSD|EUR|LTC,0,0,0,0,0,0,0,1,0,0,0,0
BTC|MKR|USDT,0,0,0,0,0,0,0,1,0,0,0,0
BTC|BUSD|XMR,0,0,1,0,0,0,0,0,0,0,0,0
ADA|EUR|USDT,0,0,0,0,0,0,0,1,0,0,0,0
BNB|DOT|TRY,0,0,0,0,0,0,0,0,0,0,1,0
ADA|BUSD|USDT,0,1,0,0,0,0,0,0,0,0,0,0
BUSD|DOGE|EUR,0,0,0,0,0,0,0,1,0,0,0,0
ADA|BUSD|USDC,0,1,0,0,0,0,0,0,0,0,0,0
BUSD|ETH|ZIL,0,1,0,0,0,0,0,0,0,0,0,0
EUR|TRX|USDT,0,0,0,0,1,0,0,0,0,0,0,0
BTC|TRY|XLM,0,0,0,0,0,0,0,1,0,0,0,0
BTC|ETH|PAX,0,0,1,0,0,0,0,0,0,0,0,0
EUR|USDT|VET,0,0,0,0,0,0,0,1,0,0,0,0
EUR|USDT|XLM,0,0,0,0,0,0,0,1,0,0,0,0
BUSD|ETH|ZEC,0,1,0,0,0,0,0,0,0,0,0,0
ADA|BUSD|EUR,0,0,0,0,0,0,0,1,0,0,0,0
BUSD|TRY|XLM,0,0,0,0,0,0,0,1,0,0,0,0
BNB|BTC|DOT,0,0,0,0,0,0,0,1,0,0,0,0
BUSD|TRX|USDT,0,0,1,0,0,0,0,0,0,0,0,0
ADA|BUSD|ETH,0,1,0,0,0,0,0,0,0,0,0,0
LINK|TRY|USDT,0,0,0,0,0,0,0,1,0,0,0,0
BUSD|TRX|USDC,0,0,0,1,0,0,0,0,0,0,0,0
BUSD|DOGE|GBP,0,0,0,0,0,0,0,1,0,0,0,0
LTC|RUB|USDT,0,0,0,0,0,0,0,0,1,0,0,0
ADA|BTC|EUR,0,0,0,0,0,0,0,1,0,0,0,0
BTC|LINK|TRY,0,0,0,0,0,0,0,1,0,0,0,0
BTC|BUSD|LINK,0,1,0,0,0,0,0,0,0,0,0,0
BUSD|ETH|XMR,0,0,0,0,0,0,0,0,0,1,0,0
BNB|BTC|SXP,0,0,0,0,1,0,0,0,0,0,0,0
BTC|BUSD|XRP,0,0,1,0,0,0,0,0,0,0,0,0
BNB|BTC|UNI,0,0,0,0,0,0,0,0,1,0,0,0
BUSD|DOGE|TRY,0,0,0,0,0,0,0,1,0,0,0,0
BUSD|DOGE|USDT,0,0,0,0,0,0,0,0,1,0,0,0
ADA|BNB|TRY,0,0,0,0,1,0,0,0,0,0,0,0
BTC|TRB|USDT,0,0,0,0,0,0,0,0,1,0,0,0
ADA|BNB|BRL,0,0,0,0,0,0,0,1,0,0,0,0
BUSD|EOS|ETH,0,0,1,0,0,0,0,0,0,0,0,0
BTC|EOS|TRY,0,0,0,0,0,0,0,1,0,0,0,0
BUSD|SOL|USDT,0,0,0,0,0,0,0,1,0,0,0,0
BNB|NEAR|USDT,0,0,0,0,0,0,0,1,0,0,0,0
BNB|BUSD|FTT,0,0,0,0,0,0,1,0,0,0,0,0
BTC|DOT|EUR,0,0,0,0,0,0,0,1,0,0,0,0
BNB|LUNA|USDT,0,0,0,0,0,0,0,1,0,0,0,0
BTC|BUSD|QTUM,0,1,0,0,0,0,0,0,0,0,0,0
AAVE|BTC|BUSD,0,0,0,0,0,0,0,0,0,0,1,0
BUSD|ETH|NEO,1,0,0,0,0,0,0,0,0,0,0,0
BUSD|ETH|TRX,0,0,1,0,0,0,0,0,0,0,0,0
ETH|EUR|LINK,0,0,0,0,0,0,0,1,0,0,0,0